time_step,object_id,event,camera,quadrant,x,y
0,0,enter,Camera_Q1,1,67.57413778816033,347.5052492820809
0,1,enter,Camera_Q1,1,44.563892051017014,363.04190650839405
0,2,enter,Camera_Q1,1,67.88394609967914,368.68728651536304
0,8,enter,Camera_Q1,1,465.5448233941359,63.698781053764286
0,9,enter,Camera_Q1,1,104.21926172384191,100.6103155783975
0,12,enter,Camera_Q1,1,88.8662110314815,417.41104150737465
0,19,enter,Camera_Q1,1,283.8787425348474,56.796510237503306
0,28,enter,Camera_Q1,1,335.99086974253885,151.31150096815836
0,29,enter,Camera_Q1,1,105.62859801817345,62.21430986830877
0,32,enter,Camera_Q1,1,168.23106014123886,411.71741489077255
0,33,enter,Camera_Q1,1,209.4411833296747,88.27230172859848
0,41,enter,Camera_Q1,1,144.46939782075378,440.7938587797663
0,42,enter,Camera_Q1,1,133.74883989178446,124.06803816769246
0,50,enter,Camera_Q1,1,425.4538362055212,220.21332069331217
0,65,enter,Camera_Q1,1,238.99168291267677,50.68404563504423
0,67,enter,Camera_Q1,1,20.435566405445865,71.86360288714549
0,69,enter,Camera_Q1,1,445.59390497457,11.720797144995364
0,71,enter,Camera_Q1,1,62.21781195750198,192.4177866490334
0,78,enter,Camera_Q1,1,103.29688970602086,131.19775150311497
0,79,enter,Camera_Q1,1,194.3505492181512,286.2298488009513
0,81,enter,Camera_Q1,1,58.252084348393566,293.8818138150022
0,82,enter,Camera_Q1,1,85.72261127442835,157.76616938822085
0,83,enter,Camera_Q1,1,117.19560231751431,140.0341173114532
0,85,enter,Camera_Q1,1,109.44815037075927,170.76096663491657
0,87,enter,Camera_Q1,1,135.70869083072688,139.3155651895513
0,92,enter,Camera_Q1,1,13.500456102571453,50.37639857596274
0,98,enter,Camera_Q1,1,60.547687401040356,27.139550942684068
1,68,enter,Camera_Q1,1,210.02151785058228,3.6937790590354873
2,54,enter,Camera_Q1,1,7.294041854652069,111.21913577094993
3,81,exit,Camera_Q1,1,-28.691638157889688,298.2224265912017
4,8,exit,Camera_Q1,1,469.40013420784084,-21.284532000342274
4,67,exit,Camera_Q1,1,-2.6112435671019845,74.66706905501248
4,86,enter,Camera_Q1,1,5.248424070681995,96.25913396750302
4,96,enter,Camera_Q1,1,93.41907147748759,5.322105596388253
5,1,exit,Camera_Q1,1,-4.68097105123284,365.7368656096918
5,76,enter,Camera_Q1,1,356.02468905899826,31.110461036832167
6,3,enter,Camera_Q1,1,15.79004379513296,482.33959408515557
6,73,enter,Camera_Q1,1,1.9633351221547155,67.57658030439607
6,82,exit,Camera_Q1,1,-2.180908585828444,179.53766714781554
7,33,exit,Camera_Q1,1,227.28103920838262,-0.9683714972898565
7,58,enter,Camera_Q1,1,0.7252892083018448,183.97923491917112
7,71,exit,Camera_Q1,1,-6.513620798392757,202.12182833080337
7,89,enter,Camera_Q1,1,7.940534301446631,243.50825219026603
7,95,enter,Camera_Q1,1,16.05434539925441,410.71670831413473
8,2,exit,Camera_Q1,1,-3.3505993194610166,374.86973585543814
8,70,enter,Camera_Q1,1,11.529602505290583,210.3647943308206
8,79,exit,Camera_Q1,1,-0.1074409350963756,345.976373156402
9,42,exit,Camera_Q1,1,182.32510756534458,-6.259825753462292
9,97,enter,Camera_Q1,1,297.0849028658212,10.372492305569459
11,10,enter,Camera_Q1,1,10.287924112363303,210.85467713970624
11,19,exit,Camera_Q1,1,289.48988074565085,-2.9313792306378397
14,14,enter,Camera_Q1,1,67.32026090805256,1.0511098013210673
14,28,exit,Camera_Q1,1,-25.091278560363236,367.6349583701079
16,12,exit,Camera_Q1,1,425.52793172432473,-32.483231947906425
16,29,exit,Camera_Q1,1,122.54653083557425,-3.2200701607987896
17,7,enter,Camera_Q1,1,26.09471063285996,436.386275176162
17,57,enter,Camera_Q1,1,211.62160868471227,2.919531114174444
17,80,enter,Camera_Q1,1,62.34874678741007,4.996625427882677
18,0,exit,Camera_Q1,1,353.46212446130124,-19.765853073369346
18,41,exit,Camera_Q1,1,463.3525384107988,-21.795825125858176
18,50,exit,Camera_Q1,1,-30.336404041692173,478.1051933859213
18,75,enter,Camera_Q1,1,285.457502810823,2.2513475654411175
19,92,exit,Camera_Q1,1,-0.37563439464718434,52.15268686523521
20,30,enter,Camera_Q1,1,10.293862817618795,419.76896304208265
20,40,enter,Camera_Q1,1,13.754520315079326,376.1290534717694
20,61,enter,Camera_Q1,1,2.4027514154772978,187.7028901067879
20,64,enter,Camera_Q1,1,9.13917935718054,304.81471129532974
21,15,enter,Camera_Q1,1,24.271586570938258,336.73989337405186
21,76,exit,Camera_Q1,1,-30.800035515912413,356.05167857728065
21,96,exit,Camera_Q1,1,-3.3957813466465865,93.50891076651898
22,31,enter,Camera_Q1,1,2.085157702304362,111.57130589139932
23,54,exit,Camera_Q1,1,111.394146553354,-3.774032573296393
23,86,exit,Camera_Q1,1,96.2851550779562,-4.747182218256814
23,89,exit,Camera_Q1,1,243.63405967265132,-1.3288856887012603
24,25,enter,Camera_Q1,1,12.077108564382273,170.18721056207394
25,83,exit,Camera_Q1,1,-3.6437040071736115,182.56803289423618
25,98,exit,Camera_Q1,1,-2.17905895292323,66.31613210271186
26,70,exit,Camera_Q1,1,210.17924938804998,-14.524515635790753
27,3,exit,Camera_Q1,1,481.23008402951183,-36.30999490820509
27,10,exit,Camera_Q1,1,211.03545313825245,-5.43817735679576
27,56,enter,Camera_Q1,1,2.2321339645903397,70.11584650491854
28,95,exit,Camera_Q1,1,410.94689261024763,-8.282991523489246
29,9,exit,Camera_Q1,1,-3.5958440138605425,144.81422589260828
30,14,exit,Camera_Q1,1,-1.1577188986816105,67.31851192275673
30,72,enter,Camera_Q1,1,4.816470477528366,102.43527919591273
30,94,enter,Camera_Q1,1,469.9547315792628,4.4538652570636605
31,65,exit,Camera_Q1,1,-1.9238203270472185,244.29939807277037
32,23,enter,Camera_Q1,1,2.199550604597068,443.0238190879143
33,73,exit,Camera_Q1,1,67.57060732463388,-2.159147104417027
33,80,exit,Camera_Q1,1,-2.165392414078501,62.51114754441957
34,97,exit,Camera_Q1,1,-2.497331219028717,297.25543131153375
35,7,exit,Camera_Q1,1,436.7148587762943,-19.85062238669167
35,78,exit,Camera_Q1,1,166.93066511217967,-4.153368225461172
36,27,enter,Camera_Q1,1,2.464062107521232,74.4220040508616
36,68,exit,Camera_Q1,1,-7.58691889913598,209.9169374434025
37,15,exit,Camera_Q1,1,336.54865571780425,-26.793059526251337
37,43,enter,Camera_Q1,1,8.833145343637646,342.9183505628349
39,36,enter,Camera_Q1,1,11.822211602666632,297.0331677477548
39,45,enter,Camera_Q1,1,430.707032816918,21.614954070062968
39,74,enter,Camera_Q1,1,7.4479176701309475,127.33149718418208
40,40,exit,Camera_Q1,1,375.42512810860865,-26.79971789593856
41,35,enter,Camera_Q1,1,12.092590625690747,444.0882331069885
41,44,enter,Camera_Q1,1,1.7395029911176916,145.6140180390218
43,46,enter,Camera_Q1,1,250.32065992907135,5.769005782264807
44,25,exit,Camera_Q1,1,170.56240794558022,-4.243605304578421
45,17,enter,Camera_Q1,1,9.065141384270712,269.9398289589532
45,20,enter,Camera_Q1,1,2.878214123515743,94.16254788424321
46,26,enter,Camera_Q1,1,394.0526171709861,14.418969147211252
47,31,exit,Camera_Q1,1,111.38062626317172,-6.845456462453081
47,53,enter,Camera_Q1,1,417.78644111854084,17.33115974802752
47,64,exit,Camera_Q1,1,304.8980704672111,-5.718343007333538
47,93,enter,Camera_Q1,1,154.09826701139363,2.0302191537766916
50,4,enter,Camera_Q1,1,459.1063994550117,3.3860398726229954
50,11,enter,Camera_Q1,1,1.2099674856674865,54.740697547208796
50,72,exit,Camera_Q1,1,102.49355975923844,-3.35485017324339
51,21,enter,Camera_Q1,1,292.4736925031509,9.306848703103348
51,47,enter,Camera_Q1,1,10.216225627621103,331.33107653362066
51,81,enter,Camera_Q1,1,299.2395976444533,14.67954439734719
52,94,exit,Camera_Q1,1,-17.457619686144056,469.65148585345605
53,48,enter,Camera_Q1,1,373.31472620967213,21.438941302624404
53,84,enter,Camera_Q1,1,9.668218344608224,149.5332342367936
53,85,exit,Camera_Q1,1,202.8255523101126,-0.02599556107845987
54,51,enter,Camera_Q1,1,335.10424249666517,19.24471764335304
57,37,enter,Camera_Q1,1,2.471145928903115,197.73721639245335
58,45,exit,Camera_Q1,1,-34.04588553449972,429.90304957696725
58,61,exit,Camera_Q1,1,187.71799785816333,-0.3185104834392668
58,69,exit,Camera_Q1,1,-6.41985644170972,445.7017956879556
59,22,enter,Camera_Q1,1,4.989236627920483,377.89834341366776
59,56,exit,Camera_Q1,1,70.14271921268256,-1.1014965219868034
59,74,exit,Camera_Q1,1,127.52995019924607,-2.212115495229184
60,55,enter,Camera_Q1,1,2.137338456141204,96.75489213866699
60,57,exit,Camera_Q1,1,-6.043710296517828,211.55543597384562
60,62,enter,Camera_Q1,1,0.9383658486907696,182.34275197836294
62,27,exit,Camera_Q1,1,74.32622945671663,-4.507538548220114
62,82,enter,Camera_Q1,1,179.2431179975961,10.508802864236486
62,87,exit,Camera_Q1,1,194.4830530708162,-1.4204011151838136
63,23,exit,Camera_Q1,1,442.5130219890587,-21.381479654459508
63,35,exit,Camera_Q1,1,443.27198088339634,-29.50492324744217
63,42,enter,Camera_Q1,1,2.74547247981298,182.4118763897811
64,44,exit,Camera_Q1,1,145.36265379417068,-8.72737085500247
64,60,enter,Camera_Q1,1,104.48822361863401,1.8731637793041176
64,67,enter,Camera_Q1,1,74.71243813669828,0.20342542309921202
65,26,exit,Camera_Q1,1,-21.200771598153228,393.7459829054957
66,52,enter,Camera_Q1,1,3.5825863680489074,459.382425745953
66,53,exit,Camera_Q1,1,-9.9870370152297,418.0264807071008
67,81,exit,Camera_Q1,1,-10.000149139379886,299.4325013075871
68,11,exit,Camera_Q1,1,54.75237506543018,-0.43059721994322875
68,12,enter,Camera_Q1,1,14.83081090169379,426.5081805585459
68,24,enter,Camera_Q1,1,234.27645819076224,4.059567940209014
68,28,enter,Camera_Q1,1,368.112611614458,16.677531171245942
68,36,exit,Camera_Q1,1,297.2435064780432,-3.8425624369147786
68,90,enter,Camera_Q1,1,9.039738488199117,492.51124787404495
69,76,enter,Camera_Q1,1,356.13102305159805,29.86861941407411
70,21,exit,Camera_Q1,1,-10.08018870168603,292.44806040551634
70,48,exit,Camera_Q1,1,-3.5203653127126127,373.91325202143463
71,30,exit,Camera_Q1,1,419.81485482204556,-8.211797359781567
72,17,exit,Camera_Q1,1,269.68877716094255,-14.753017323286233
72,46,exit,Camera_Q1,1,-3.1972899729806725,250.36671414521194
72,79,enter,Camera_Q1,1,345.3039958354566,21.55951729699602
72,84,exit,Camera_Q1,1,149.68600081794148,-6.911132063997606
72,89,enter,Camera_Q1,1,4.995155060515723,243.58647211138813
73,96,enter,Camera_Q1,1,93.36893343441062,6.13921762243707
76,10,enter,Camera_Q1,1,11.295625631407589,210.8030955556075
76,37,exit,Camera_Q1,1,197.73031263795426,-2.9726710101731753
77,0,enter,Camera_Q1,1,16.19959451380507,353.6435147348284
77,32,exit,Camera_Q1,1,444.72125152431295,-5.99397724673635
77,51,exit,Camera_Q1,1,-20.068204328635833,335.0559351383889
78,14,enter,Camera_Q1,1,67.31225202321001,1.477527700777065
79,70,enter,Camera_Q1,1,4.98557447913726,210.62151474835474
79,93,exit,Camera_Q1,1,-4.803671482894312,154.03675673686314
80,82,exit,Camera_Q1,1,-3.1206094953475527,179.52379252766772
80,86,enter,Camera_Q1,1,3.2427389206851855,96.34755560828557
81,20,exit,Camera_Q1,1,94.19934392812054,-1.1632472243083583
81,42,exit,Camera_Q1,1,182.42574829188163,-1.5737303851783073
83,41,enter,Camera_Q1,1,15.295573955359117,463.6126381603762
83,75,exit,Camera_Q1,1,-3.256646482127333,285.4478038635818
83,80,enter,Camera_Q1,1,62.29952383204095,5.5769007457640045
84,15,enter,Camera_Q1,1,1.1042516562400404,337.6116797928029
84,43,exit,Camera_Q1,1,342.97236710627,-6.401172620632977
85,38,enter,Camera_Q1,1,301.3673436705704,6.040135701776804
85,67,exit,Camera_Q1,1,-5.224159716333086,74.5298460315797
85,76,exit,Camera_Q1,1,-29.55810165382626,356.15692978250854
86,12,exit,Camera_Q1,1,425.37248494955793,-34.45910740575233
86,28,exit,Camera_Q1,1,-13.870792838675952,368.2290536902421
87,54,enter,Camera_Q1,1,1.3704171612887743,111.44963510491391
88,3,enter,Camera_Q1,1,23.83529938640956,482.0090123726372
88,47,exit,Camera_Q1,1,331.35362514292376,-9.456672123174142
88,55,exit,Camera_Q1,1,96.71485359663666,-3.5091968058691902
89,7,enter,Camera_Q1,1,1.0991056894555644,437.1643936230638
89,33,enter,Camera_Q1,1,3.2497582832237564,227.25986798838846
89,89,exit,Camera_Q1,1,242.65513506404986,-21.85878305849581
90,52,exit,Camera_Q1,1,458.6034522349209,-26.98002237829311
90,60,exit,Camera_Q1,1,-6.1957212127643455,104.32118987135577
90,96,exit,Camera_Q1,1,-4.213753094451888,93.47562253632783
91,50,enter,Camera_Q1,1,478.65659480453826,19.817608405004528
92,10,exit,Camera_Q1,1,211.00704975326903,-6.446798325755034
92,95,enter,Camera_Q1,1,15.330128494878151,410.74437750859977
93,79,exit,Camera_Q1,1,-20.11415761499178,345.3912028257983
94,14,exit,Camera_Q1,1,-1.5841235803197722,67.30982775958483
95,63,enter,Camera_Q1,1,2.4570186644235545,320.5145891536603
97,0,exit,Camera_Q1,1,353.17244219672506,-24.4005829687599
97,62,exit,Camera_Q1,1,182.33673623492416,-1.7533820760106702
97,70,exit,Camera_Q1,1,210.529145903021,-7.984807644704955
98,40,enter,Camera_Q1,1,5.58851751537432,376.33896976880754
99,58,exit,Camera_Q1,1,183.97076646897074,-1.9084052763136485
99,80,exit,Camera_Q1,1,-2.747302461631616,62.48827746714942
99,86,exit,Camera_Q1,1,96.36313297191019,-2.741063887865717
100,15,exit,Camera_Q1,1,337.59393909301406,-3.632904058828352
101,24,exit,Camera_Q1,1,-9.623388813142922,234.1139238533672
102,71,enter,Camera_Q1,1,202.22658163104117,0.2653780621118331
105,41,exit,Camera_Q1,1,463.22821346820297,-24.295166015173013
106,25,enter,Camera_Q1,1,6.72862953515625,170.48245873037553
107,6,enter,Camera_Q1,1,0.12733974075797025,63.770250590076955
107,8,enter,Camera_Q1,1,0.5967562813419761,469.88207156557195
107,66,enter,Camera_Q1,1,0.5761719373933403,52.2656523105876
108,3,exit,Camera_Q1,1,482.54247190235816,-7.319311145645621
108,7,exit,Camera_Q1,1,435.9471841417591,-32.618518114850616
109,4,exit,Camera_Q1,1,-11.306824663477567,458.9796368060277
109,5,enter,Camera_Q1,1,220.94223412661884,0.33981770876075307
109,54,exit,Camera_Q1,1,111.29578699289374,-6.012238006502756
110,34,enter,Camera_Q1,1,253.57338871814994,4.5090017287906266
111,72,enter,Camera_Q1,1,6.942748400547521,102.31316169707682
111,97,enter,Camera_Q1,1,296.8571566315144,15.583859088045385
112,91,enter,Camera_Q1,1,2.535501972318016,104.77328756713963
113,95,exit,Camera_Q1,1,410.96085868830625,-7.558380829688544
114,38,exit,Camera_Q1,1,-10.46846890610414,301.2460293997474
114,45,enter,Camera_Q1,1,429.8177825031229,35.10595678090558
114,73,enter,Camera_Q1,1,2.746467693048304,67.54928427192563
115,49,enter,Camera_Q1,1,221.79644098129359,3.2162295271496815
115,50,exit,Camera_Q1,1,-6.051611163570024,479.02844524630785
116,81,enter,Camera_Q1,1,298.5509660220283,25.04289339197176
117,33,exit,Camera_Q1,1,226.92632510651865,-12.729945037184445
117,94,enter,Camera_Q1,1,469.4451058893631,22.328887253728066
118,16,enter,Camera_Q1,1,1.6916449512244673,132.12401276229596
118,40,exit,Camera_Q1,1,375.91831743952537,-18.645919341865138
119,90,exit,Camera_Q1,1,492.5940530267895,-0.38088977996592654
120,31,enter,Camera_Q1,1,6.73502532169317,111.38735841589848
121,13,enter,Camera_Q1,1,0.7631409187323904,437.74728473175145
121,26,enter,Camera_Q1,1,394.22210535107484,8.619943337283756
121,74,enter,Camera_Q1,1,6.00159688152188,127.40785881435308
123,11,enter,Camera_Q1,1,2.8258429791222457,54.68109911778209
123,48,enter,Camera_Q1,1,373.5559771364051,16.716607157119164
124,53,enter,Camera_Q1,1,417.56048529573417,22.116071086398847
124,98,enter,Camera_Q1,1,66.35176209264644,0.14608964882201436
127,21,enter,Camera_Q1,1,292.35889602917223,12.3997641837971
127,25,exit,Camera_Q1,1,170.20069984698387,-11.885493753836275
127,35,enter,Camera_Q1,1,16.79643348461002,443.9352085094452
129,64,enter,Camera_Q1,1,13.063704043157134,304.6717454212824
130,84,enter,Camera_Q1,1,10.862897105082942,149.45119622726068
131,44,enter,Camera_Q1,1,9.20656405810653,145.33309085809967
131,72,exit,Camera_Q1,1,102.40178377694815,-5.482653655361758
132,45,exit,Camera_Q1,1,-11.292377370500617,431.10119063942153
132,81,exit,Camera_Q1,1,-20.3729963585985,298.9059498261962
133,37,enter,Camera_Q1,1,4.477118607458765,197.701969433318
133,76,enter,Camera_Q1,1,356.23302541793794,28.626414498910734
134,71,exit,Camera_Q1,1,-1.5040718797223875,202.2211623729639
136,42,enter,Camera_Q1,1,13.89992788728591,181.90223272930555
136,82,enter,Camera_Q1,1,179.18565779264654,11.4468479747096
136,97,exit,Camera_Q1,1,-7.7129027430779225,297.1658446704455
137,89,enter,Camera_Q1,1,2.049045271716743,243.62906719688667
138,12,enter,Camera_Q1,1,16.81142917355153,426.43470412773127
138,27,enter,Camera_Q1,1,1.492805336436824,74.44781945257824
138,65,enter,Camera_Q1,1,244.24159642679857,5.651509378699092
138,94,exit,Camera_Q1,1,-1.197544279197932,469.9743105076749
139,22,exit,Camera_Q1,1,377.92789633684697,-1.5986267010121489
139,68,enter,Camera_Q1,1,210.05390683278526,0.19541822585667404
140,26,exit,Camera_Q1,1,-15.405523100788427,394.015280958192
140,28,enter,Camera_Q1,1,368.4499581626131,5.446393811813715
141,10,enter,Camera_Q1,1,12.303069095970042,210.7466980644093
141,11,exit,Camera_Q1,1,54.715785070922244,-2.047157381347641
141,48,exit,Camera_Q1,1,-32.24809672412882,372.5366737206568
141,73,exit,Camera_Q1,1,67.54104208215955,-2.9421972901780933
141,74,exit,Camera_Q1,1,127.54684685209783,-0.7638788345802636
142,8,exit,Camera_Q1,1,469.8161041790068,-7.895919887713087
142,14,enter,Camera_Q1,1,67.30154216249737,1.9038863128592025
142,96,enter,Camera_Q1,1,93.31164846482595,6.955859721974484
143,53,exit,Camera_Q1,1,-14.775180096453212,417.8846414189268
144,31,exit,Camera_Q1,1,111.50789161499367,-4.300498637891085
145,67,enter,Camera_Q1,1,74.65949865713986,2.8194067633569593
146,21,exit,Camera_Q1,1,-13.172789819293317,292.32508590195755
146,51,enter,Camera_Q1,1,334.89887247062217,22.53791725830213
148,15,enter,Camera_Q1,1,11.217071078106216,337.42709289662423
148,35,exit,Camera_Q1,1,444.2495104805568,-1.7210374525821919
148,80,enter,Camera_Q1,1,62.54831081902222,0.2032370884686089
149,76,exit,Camera_Q1,1,-28.315808276166972,356.2578490463726
149,84,exit,Camera_Q1,1,149.62599104966338,-8.10711969079344
151,29,enter,Camera_Q1,1,3.27211448203178,122.5451522439435
151,70,enter,Camera_Q1,1,16.970356784251205,209.99591762316157
152,17,enter,Camera_Q1,1,15.90752296878707,269.6231421070959
152,37,exit,Camera_Q1,1,197.68997792065494,-4.9785478373536725
152,88,enter,Camera_Q1,1,3.2782001311972775,328.06020702580656
153,23,enter,Camera_Q1,1,9.756558780191034,442.92183493577267
153,44,exit,Camera_Q1,1,145.50261583438035,-5.954570133720233
154,42,exit,Camera_Q1,1,181.98776351276229,-12.731229272976808
154,82,exit,Camera_Q1,1,-4.060224910371448,179.50499954267775
154,89,exit,Camera_Q1,1,242.90173379806654,-18.922702968759296
156,0,enter,Camera_Q1,1,20.837010559880305,353.4005961615542
156,12,exit,Camera_Q1,1,425.20786354170053,-36.43423963342142
156,56,enter,Camera_Q1,1,1.116792032746924,70.14247734926938
156,64,exit,Camera_Q1,1,304.79914984971066,-9.64422481444554
156,79,enter,Camera_Q1,1,345.6165188029675,15.776065939596162
156,86,enter,Camera_Q1,1,1.2356473745405345,96.39419071170833
156,91,exit,Camera_Q1,1,104.79503624656563,-1.3678216108688395
157,10,exit,Camera_Q1,1,210.9738258017457,-7.455272014230579
157,34,exit,Camera_Q1,1,-4.675636275953137,253.5703708795868
157,36,enter,Camera_Q1,1,11.54456680398746,297.0440883215021
158,14,exit,Camera_Q1,1,-2.0104646973104723,67.29844271781906
158,28,exit,Camera_Q1,1,-2.6374101228982187,368.4807714704097
158,98,exit,Camera_Q1,1,-2.6054378711692925,66.30074938101471
159,52,enter,Camera_Q1,1,4.105413734297226,459.37805083328783
159,96,exit,Camera_Q1,1,-5.031402300459303,93.43517921310996
160,46,enter,Camera_Q1,1,250.22702467833327,8.952671984965589
162,7,enter,Camera_Q1,1,13.8881792514895,436.9451150456041
164,15,exit,Camera_Q1,1,337.333613198852,-13.744057277444472
164,27,exit,Camera_Q1,1,74.3787159818649,-3.5373574749038856
165,67,exit,Camera_Q1,1,-2.017047984222476,74.68548260312761
165,80,exit,Camera_Q1,1,-3.328974358005452,62.45999056476781
166,16,exit,Camera_Q1,1,132.12774872522104,-1.36909746080834
166,60,enter,Camera_Q1,1,104.32011466769158,6.213798616099658
168,6,exit,Camera_Q1,1,63.76930099054183,-0.37057645427913316
168,51,exit,Camera_Q1,1,-0.42010594583792404,335.6561276178798
168,70,exit,Camera_Q1,1,210.67560930272415,-1.4373839794449739
170,3,enter,Camera_Q1,1,31.873919656440506,481.5442479679512
170,41,enter,Camera_Q1,1,17.79641259964111,463.52337647979647
171,55,enter,Camera_Q1,1,2.148874463151618,96.75463661749134
173,49,exit,Camera_Q1,1,-2.446704543249565,221.80626456711676
173,54,enter,Camera_Q1,1,3.610223454974671,111.39957582872371
173,61,enter,Camera_Q1,1,1.7703773064044923,187.7099196446433
174,63,exit,Camera_Q1,1,320.51398129272735,-2.5350733603216997
174,65,exit,Camera_Q1,1,-10.489635881742881,244.08167592516472
174,68,exit,Camera_Q1,1,-4.0897598467305265,210.0141800650506
174,93,enter,Camera_Q1,1,154.01438571454145,5.474182925293372
175,0,exit,Camera_Q1,1,354.01333580116955,-0.8487940520669872
175,86,exit,Camera_Q1,1,96.39931757250439,-0.7337567409257134
177,18,enter,Camera_Q1,1,464.99933148311834,0.04594727048210032
177,40,enter,Camera_Q1,1,27.609135742290416,375.3664706899524
177,79,exit,Camera_Q1,1,-14.329448934041444,345.679518078898
177,95,enter,Camera_Q1,1,14.605863928884672,410.7707696921575
178,17,exit,Camera_Q1,1,270.0321489562774,-5.685646556069188
180,1,enter,Camera_Q1,1,365.66794036973863,8.504336643000899
180,7,exit,Camera_Q1,1,437.0990574454931,-7.637346751275104
180,77,enter,Camera_Q1,1,78.61116286558885,1.028225415057046
180,81,enter,Camera_Q1,1,299.53239476140544,6.338005256037283
183,23,exit,Camera_Q1,1,442.9902611725213,-5.879694584291832
183,52,exit,Camera_Q1,1,458.57244887134254,-27.501948030284122
186,36,exit,Camera_Q1,1,297.2469683084272,-3.5647245185256313
188,25,enter,Camera_Q1,1,1.373518067439402,170.60966162059518
188,45,enter,Camera_Q1,1,431.0720318651217,12.355472515453046
188,57,enter,Camera_Q1,1,211.50475515109608,7.613637284966003
189,46,exit,Camera_Q1,1,-6.3817500605185105,250.30578794987275
189,50,enter,Camera_Q1,1,478.3449718410383,26.28614211264747
189,56,exit,Camera_Q1,1,70.06927712160486,-3.392750623449629
189,83,enter,Camera_Q1,1,182.59567490983105,1.7840173726992163
190,3,exit,Camera_Q1,1,482.3531894043778,-15.36913064260082
190,20,enter,Camera_Q1,1,0.08000643409811646,94.20649202450808
191,60,exit,Camera_Q1,1,-4.062450474310439,104.42602220550938
191,72,enter,Camera_Q1,1,1.0968654966876061,102.54258480206
192,41,exit,Camera_Q1,1,463.09040708588054,-26.79379983655245
193,48,enter,Camera_Q1,1,373.73749415928955,11.99159992306539
194,9,enter,Camera_Q1,1,144.82197544710846,3.268874828516149
194,54,exit,Camera_Q1,1,111.45802686092992,-0.08635092725447514
196,11,enter,Camera_Q1,1,4.439254014558118,54.57381252089314
196,26,enter,Camera_Q1,1,394.3062575190431,2.81905159548841
196,29,exit,Camera_Q1,1,122.54468780167274,-3.2894624584237366
196,40,exit,Camera_Q1,1,376.23443664875447,-10.483337935097257
196,81,exit,Camera_Q1,1,-1.6550522832722685,299.59487082403064
197,76,enter,Camera_Q1,1,356.330694917362,27.383861400294663
198,24,enter,Camera_Q1,1,234.28270970655137,3.681152920610456
198,33,enter,Camera_Q1,1,1.9287172047262824,227.27491849507575
198,95,exit,Camera_Q1,1,410.97354708241403,-6.8337466367597015
199,47,enter,Camera_Q1,1,7.1777294148486055,331.41082321410335
199,55,exit,Camera_Q1,1,96.71443450997614,-3.5207280293597187
0,3,enter,Camera_Q2,2,-200.4092785993625,439.0181437669382
0,7,enter,Camera_Q2,2,-431.54703229707604,69.86468350120886
0,10,enter,Camera_Q2,2,-179.37058777419546,111.31814091050548
0,18,enter,Camera_Q2,2,-17.806339713332598,464.6582772930146
0,21,enter,Camera_Q2,2,-145.58926602261946,253.83310236886967
0,22,enter,Camera_Q2,2,-343.1866504513215,158.28762866669712
0,24,enter,Camera_Q2,2,-232.42974068939677,29.637047716142924
0,26,enter,Camera_Q2,2,-309.92998110099023,243.78018497267527
0,30,enter,Camera_Q2,2,-233.4513087465887,349.01637839740164
0,31,enter,Camera_Q2,2,-109.98953746035109,18.83629024552615
0,34,enter,Camera_Q2,2,-220.27976303411148,125.68460749125927
0,38,enter,Camera_Q2,2,-25.678710640432946,300.3320876799488
0,39,enter,Camera_Q2,2,-112.08708177765199,211.87399823759293
0,40,enter,Camera_Q2,2,-376.3798238349821,0.6927514813611764
0,43,enter,Camera_Q2,2,-320.36733095421556,122.62052383948335
0,45,enter,Camera_Q2,2,-429.43225553449315,39.54354895507493
0,48,enter,Camera_Q2,2,-8.24827233230046,373.83884096320446
0,51,enter,Camera_Q2,2,-295.40412484193945,159.3788427703125
0,53,enter,Camera_Q2,2,-330.55444916248973,256.08521163782706
0,54,enter,Camera_Q2,2,-9.02925624845522,111.09172669381886
0,56,enter,Camera_Q2,2,-67.20476289919024,20.118006780016735
0,58,enter,Camera_Q2,2,-21.30565905295423,182.74286256431057
0,59,enter,Camera_Q2,2,-346.00400313737674,297.74653426606704
0,60,enter,Camera_Q2,2,-72.13504607989692,75.61635236225634
0,61,enter,Camera_Q2,2,-135.7145892121284,129.6907801032468
0,64,enter,Camera_Q2,2,-275.1831519423425,131.41448058891993
0,66,enter,Camera_Q2,2,-51.32286368867876,9.899194328124375
0,70,enter,Camera_Q2,2,-127.45216253534883,167.75644456425948
0,73,enter,Camera_Q2,2,-21.308939502953937,64.15900550739411
0,77,enter,Camera_Q2,2,-78.6073992979406,1.2841145581420923
0,86,enter,Camera_Q2,2,-26.189562742704304,92.77647132083307
0,89,enter,Camera_Q2,2,-146.03636647138867,195.01974422500132
0,95,enter,Camera_Q2,2,-189.1577785613407,364.9181980997048
0,99,enter,Camera_Q2,2,-190.97976505268315,39.281255077014414
1,77,exit,Camera_Q2,2,-78.61782247491611,-0.10081610427389118
2,23,enter,Camera_Q2,2,-442.9876005068676,6.076849452726448
2,45,exit,Camera_Q2,2,-429.98570217236613,-32.985607236215785
2,54,exit,Camera_Q2,2,7.294041854652069,111.21913577094993
3,24,exit,Camera_Q2,2,-234.27310322499702,-4.248771539991352
3,25,enter,Camera_Q2,2,-170.47477517959877,6.92056483538911
3,81,enter,Camera_Q2,2,-28.691638157889688,298.2224265912017
4,67,enter,Camera_Q2,2,-2.6112435671019845,74.66706905501248
4,86,exit,Camera_Q2,2,5.248424070681995,96.25913396750302
5,1,enter,Camera_Q2,2,-4.68097105123284,365.7368656096918
5,15,enter,Camera_Q2,2,-336.9122400435862,21.74875198836199
6,3,exit,Camera_Q2,2,15.79004379513296,482.33959408515557
6,73,exit,Camera_Q2,2,1.9633351221547155,67.57658030439607
6,82,enter,Camera_Q2,2,-2.180908585828444,179.53766714781554
7,58,exit,Camera_Q2,2,0.7252892083018448,183.97923491917112
7,71,enter,Camera_Q2,2,-6.513620798392757,202.12182833080337
7,89,exit,Camera_Q2,2,7.940534301446631,243.50825219026603
7,95,exit,Camera_Q2,2,16.05434539925441,410.71670831413473
8,2,enter,Camera_Q2,2,-3.3505993194610166,374.86973585543814
8,20,enter,Camera_Q2,2,-94.20502858494831,0.5311590178784233
8,26,exit,Camera_Q2,2,-394.3154302066046,-0.844554055282817
8,51,exit,Camera_Q2,2,-335.19478514784697,-17.597400550219447
8,70,exit,Camera_Q2,2,11.529602505290583,210.3647943308206
8,79,enter,Camera_Q2,2,-0.1074409350963756,345.976373156402
9,36,enter,Camera_Q2,2,-297.2416781765986,3.9814801523397456
9,53,exit,Camera_Q2,2,-416.91942887122417,-32.001082956674104
10,27,enter,Camera_Q2,2,-74.46160727288482,0.4187258707668643
10,72,enter,Camera_Q2,2,-102.35615610281197,6.27711077345947
11,10,exit,Camera_Q2,2,10.287924112363303,210.85467713970624
13,21,exit,Camera_Q2,2,-292.51882155992996,-7.759978891723775
14,28,enter,Camera_Q2,2,-25.091278560363236,367.6349583701079
14,47,enter,Camera_Q2,2,-331.30678682138773,10.975725447093488
14,60,exit,Camera_Q2,2,-104.32226194242652,-6.177643623381733
14,99,exit,Camera_Q2,2,-194.96079330579371,-2.5645142969202235
16,34,exit,Camera_Q2,2,-253.5790958808441,-4.175726864857496
16,63,enter,Camera_Q2,2,-320.5151780059515,2.3789638228079
16,90,enter,Camera_Q2,2,-492.5868142495984,2.6975140065750742
17,7,exit,Camera_Q2,2,26.09471063285996,436.386275176162
18,17,enter,Camera_Q2,2,-270.0709338605177,3.3732373787817025
18,48,exit,Camera_Q2,2,-373.17171221487484,-23.798869968939403
18,50,enter,Camera_Q2,2,-30.336404041692173,478.1051933859213
18,74,enter,Camera_Q2,2,-127.51533532594974,2.9361385350514575
19,44,enter,Camera_Q2,2,-145.53871539175776,4.995041765751505
19,81,exit,Camera_Q2,2,-298.63448635295146,-24.0264309217335
19,92,enter,Camera_Q2,2,-0.37563439464718434,52.15268686523521
20,13,enter,Camera_Q2,2,-437.74665173353367,1.0661004471079536
20,30,exit,Camera_Q2,2,10.293862817618795,419.76896304208265
20,35,enter,Camera_Q2,2,-443.4220471618484,27.156539229493497
20,40,exit,Camera_Q2,2,13.754520315079326,376.1290534717694
20,61,exit,Camera_Q2,2,2.4027514154772978,187.7028901067879
20,64,exit,Camera_Q2,2,9.13917935718054,304.81471129532974
21,15,exit,Camera_Q2,2,24.271586570938258,336.73989337405186
21,76,enter,Camera_Q2,2,-30.800035515912413,356.05167857728065
21,96,enter,Camera_Q2,2,-3.3957813466465865,93.50891076651898
22,31,exit,Camera_Q2,2,2.085157702304362,111.57130589139932
23,62,enter,Camera_Q2,2,-182.34512474701452,0.12333087402231295
24,25,exit,Camera_Q2,2,12.077108564382273,170.18721056207394
24,67,exit,Camera_Q2,2,-74.69081590701133,-1.808815462581991
25,82,exit,Camera_Q2,2,-179.27000668997567,-10.03967073741061
25,83,enter,Camera_Q2,2,-3.6437040071736115,182.56803289423618
25,98,enter,Camera_Q2,2,-2.17905895292323,66.31613210271186
27,56,exit,Camera_Q2,2,2.2321339645903397,70.11584650491854
28,38,exit,Camera_Q2,2,-301.1183920230215,-13.655513751649709
29,9,enter,Camera_Q2,2,-3.5958440138605425,144.81422589260828
30,14,enter,Camera_Q2,2,-1.1577188986816105,67.31851192275673
30,72,exit,Camera_Q2,2,4.816470477528366,102.43527919591273
30,79,exit,Camera_Q2,2,-345.11143836400123,-24.449078435447426
31,65,enter,Camera_Q2,2,-1.9238203270472185,244.29939807277037
32,11,enter,Camera_Q2,2,-54.717926679525625,1.9890925482292465
32,23,exit,Camera_Q2,2,2.199550604597068,443.0238190879143
32,28,exit,Camera_Q2,2,-367.8155553224682,-22.28793706041557
32,55,enter,Camera_Q2,2,-96.77547244279707,0.7650502693348664
33,80,enter,Camera_Q2,2,-2.165392414078501,62.51114754441957
33,84,enter,Camera_Q2,2,-149.84533756943347,0.19338039539283194
34,97,enter,Camera_Q2,2,-2.497331219028717,297.25543131153375
36,27,exit,Camera_Q2,2,2.464062107521232,74.4220040508616
36,68,enter,Camera_Q2,2,-7.58691889913598,209.9169374434025
37,43,exit,Camera_Q2,2,8.833145343637646,342.9183505628349
37,76,exit,Camera_Q2,2,-356.0783974289815,-30.489586581142774
38,37,enter,Camera_Q2,2,-197.74284807592204,1.9696049504075817
38,96,exit,Camera_Q2,2,-93.5590330023266,-1.4680147698862904
39,36,exit,Camera_Q2,2,11.822211602666632,297.0331677477548
39,71,exit,Camera_Q2,2,-202.07813866689727,-7.7515557544435545
39,74,exit,Camera_Q2,2,7.4479176701309475,127.33149718418208
40,59,exit,Camera_Q2,2,-456.44534893770896,-5.423309660819284
41,35,exit,Camera_Q2,2,12.092590625690747,444.0882331069885
41,44,exit,Camera_Q2,2,1.7395029911176916,145.6140180390218
42,50,exit,Camera_Q2,2,-478.7796086157483,-16.581909616232075
43,52,enter,Camera_Q2,2,-459.25956648669325,11.211538689007906
45,17,exit,Camera_Q2,2,9.065141384270712,269.9398289589532
45,20,exit,Camera_Q2,2,2.878214123515743,94.16254788424321
45,42,enter,Camera_Q2,2,-182.39047832766633,3.9171012985712284
46,14,exit,Camera_Q2,2,-67.31659411024069,-1.2643250926139906
47,6,enter,Camera_Q2,2,-63.752019095505645,1.530077441527024
50,11,exit,Camera_Q2,2,1.2099674856674865,54.740697547208796
50,80,exit,Camera_Q2,2,-62.324810645248725,-5.286820373441106
51,12,enter,Camera_Q2,2,-425.4513553802632,33.47125991742834
51,47,exit,Camera_Q2,2,10.216225627621103,331.33107653362066
52,94,enter,Camera_Q2,2,-17.457619686144056,469.65148585345605
53,84,exit,Camera_Q2,2,9.668218344608224,149.5332342367936
56,89,enter,Camera_Q2,2,-243.361180965496,11.604161703016997
57,0,enter,Camera_Q2,2,-353.92417850738246,7.989883872056902
57,37,exit,Camera_Q2,2,2.471145928903115,197.73721639245335
58,39,exit,Camera_Q2,2,-239.66837417046847,-3.629800696718103
58,45,enter,Camera_Q2,2,-34.04588553449972,429.90304957696725
58,69,enter,Camera_Q2,2,-6.41985644170972,445.7017956879556
58,98,exit,Camera_Q2,2,-66.33493096210636,-1.5015356263600341
59,18,exit,Camera_Q2,2,-464.8473515094354,-11.887816686089801
59,22,exit,Camera_Q2,2,4.989236627920483,377.89834341366776
60,10,enter,Camera_Q2,2,-210.48773268991624,16.138483240065217
60,55,exit,Camera_Q2,2,2.137338456141204,96.75489213866699
60,57,enter,Camera_Q2,2,-6.043710296517828,211.55543597384562
60,62,exit,Camera_Q2,2,0.9383658486907696,182.34275197836294
60,97,exit,Camera_Q2,2,-296.9824609230645,-12.978675259979852
61,41,enter,Camera_Q2,2,-463.82223540160464,6.290213963472275
61,70,enter,Camera_Q2,2,-210.67115818898452,1.9853299701291929
61,86,enter,Camera_Q2,2,-96.32936649757931,3.7443260507668272
62,33,enter,Camera_Q2,2,-227.17981006794147,6.8514541882127
63,1,exit,Camera_Q2,2,-365.75710833315134,-2.6653442095905366
63,42,exit,Camera_Q2,2,2.74547247981298,182.4118763897811
65,26,enter,Camera_Q2,2,-21.200771598153228,393.7459829054957
66,52,exit,Camera_Q2,2,3.5825863680489074,459.382425745953
66,53,enter,Camera_Q2,2,-9.9870370152297,418.0264807071008
66,54,enter,Camera_Q2,2,-111.35059055343338,4.893382431002552
67,3,enter,Camera_Q2,2,-482.58674078483364,3.2934972228168653
67,65,exit,Camera_Q2,2,-244.21332410533952,-6.763823828949588
67,81,enter,Camera_Q2,2,-10.000149139379886,299.4325013075871
68,12,exit,Camera_Q2,2,14.83081090169379,426.5081805585459
68,90,exit,Camera_Q2,2,9.039738488199117,492.51124787404495
68,91,enter,Camera_Q2,2,-104.73852839473292,3.702867481275881
69,15,enter,Camera_Q2,2,-336.1095514177994,31.83135482451234
70,16,enter,Camera_Q2,2,-132.11948940437202,2.014182360257608
70,21,enter,Camera_Q2,2,-10.08018870168603,292.44806040551634
70,48,enter,Camera_Q2,2,-3.5203653127126127,373.91325202143463
70,68,exit,Camera_Q2,2,-210.0449957458108,-1.9446660746117577
71,7,enter,Camera_Q2,2,-437.1039577991781,7.351541432380212
71,95,enter,Camera_Q2,2,-410.3809367007674,23.096391215887948
72,46,enter,Camera_Q2,2,-3.1972899729806725,250.36671414521194
72,89,exit,Camera_Q2,2,4.995155060515723,243.58647211138813
73,8,enter,Camera_Q2,2,-469.65583073774417,14.591708291081229
74,2,exit,Camera_Q2,2,-374.8475955246863,-5.274988671715332
74,94,exit,Camera_Q2,2,-468.9884922231222,-30.448001769369508
76,10,exit,Camera_Q2,2,11.295625631407589,210.8030955556075
76,45,exit,Camera_Q2,2,-431.1277276487166,-10.229213550350527
77,0,exit,Camera_Q2,2,16.19959451380507,353.6435147348284
77,51,enter,Camera_Q2,2,-20.068204328635833,335.0559351383889
79,40,enter,Camera_Q2,2,-375.69384397372096,22.724156638179775
79,70,exit,Camera_Q2,2,4.98557447913726,210.62151474835474
79,93,enter,Camera_Q2,2,-4.803671482894312,154.03675673686314
80,82,enter,Camera_Q2,2,-3.1206094953475527,179.52379252766772
80,83,exit,Camera_Q2,2,-182.5421135676891,-4.768646349194949
80,86,exit,Camera_Q2,2,3.2427389206851855,96.34755560828557
80,88,enter,Camera_Q2,2,-328.0764456740544,0.3030244123485184
83,41,exit,Camera_Q2,2,15.295573955359117,463.6126381603762
83,75,enter,Camera_Q2,2,-3.256646482127333,285.4478038635818
83,81,exit,Camera_Q2,2,-299.552234841524,-5.318310218145165
84,9,exit,Camera_Q2,2,-144.81689110255877,-3.486856239798719
84,15,exit,Camera_Q2,2,1.1042516562400404,337.6116797928029
84,26,exit,Camera_Q2,2,-393.3226397859889,-27.97629000337886
85,25,enter,Camera_Q2,2,-170.60800710076782,1.5655999744273554
85,53,exit,Camera_Q2,2,-418.13743049047775,-2.6398302082831075
85,67,enter,Camera_Q2,2,-5.224159716333086,74.5298460315797
85,76,enter,Camera_Q2,2,-29.55810165382626,356.15692978250854
86,28,enter,Camera_Q2,2,-13.870792838675952,368.2290536902421
87,54,exit,Camera_Q2,2,1.3704171612887743,111.44963510491391
87,73,enter,Camera_Q2,2,-67.5569592510973,2.5507150338596127
88,3,exit,Camera_Q2,2,23.83529938640956,482.0090123726372
88,48,exit,Camera_Q2,2,-373.4428162237312,-19.07815557302064
89,7,exit,Camera_Q2,2,1.0991056894555644,437.1643936230638
89,21,exit,Camera_Q2,2,-292.4203834959134,-10.853458219067544
89,33,exit,Camera_Q2,2,3.2497582832237564,227.25986798838846
90,60,enter,Camera_Q2,2,-6.1957212127643455,104.32118987135577
90,72,enter,Camera_Q2,2,-102.54755010637348,0.42985926337873825
90,96,enter,Camera_Q2,2,-4.213753094451888,93.47562253632783
92,95,exit,Camera_Q2,2,15.330128494878151,410.74437750859977
93,79,enter,Camera_Q2,2,-20.11415761499178,345.3912028257983
94,14,enter,Camera_Q2,2,-1.5841235803197722,67.30982775958483
95,31,enter,Camera_Q2,2,-111.57331837552172,1.9745398527613625
95,63,exit,Camera_Q2,2,2.4570186644235545,320.5145891536603
98,40,exit,Camera_Q2,2,5.58851751537432,376.33896976880754
99,80,enter,Camera_Q2,2,-2.747302461631616,62.48827746714942
99,82,exit,Camera_Q2,2,-179.2150016342949,-10.97786301423057
100,51,exit,Camera_Q2,2,-335.00560414326355,-20.891569808014427
100,74,enter,Camera_Q2,2,-127.54045415416017,1.4880211480296766
101,24,enter,Camera_Q2,2,-9.623388813142922,234.1139238533672
101,46,exit,Camera_Q2,2,-250.38634805841377,-0.6252367651329427
101,76,exit,Camera_Q2,2,-356.1825657668265,-29.24756142383492
102,57,exit,Camera_Q2,2,-211.6373418339866,-1.365454384603911
102,64,enter,Camera_Q2,2,-304.50597976504565,16.48153842053467
104,28,exit,Camera_Q2,2,-368.32409561518955,-11.063248385415598
105,11,enter,Camera_Q2,2,-54.63533189296202,3.603955912223384
105,67,exit,Camera_Q2,2,-74.58167587894806,-4.423055202037195
106,25,exit,Camera_Q2,2,6.72862953515625,170.48245873037553
106,29,enter,Camera_Q2,2,-122.54561423035686,3.254766440065136
106,35,enter,Camera_Q2,2,-443.1094775403247,31.852479433601683
107,6,exit,Camera_Q2,2,0.12733974075797025,63.770250590076955
107,8,exit,Camera_Q2,2,0.5967562813419761,469.88207156557195
107,66,exit,Camera_Q2,2,0.5761719373933403,52.2656523105876
107,96,exit,Camera_Q2,2,-93.54260872389209,-2.286498813441706
108,44,enter,Camera_Q2,2,-145.607491774042,2.2195628842098785
109,4,enter,Camera_Q2,2,-11.306824663477567,458.9796368060277
110,14,exit,Camera_Q2,2,-67.30723469051837,-1.6907154870595626
110,84,enter,Camera_Q2,2,-149.8390072952769,1.390855866276099
111,72,exit,Camera_Q2,2,6.942748400547521,102.31316169707682
111,93,exit,Camera_Q2,2,-153.9253340619311,-7.575567282391651
112,91,exit,Camera_Q2,2,2.535501972318016,104.77328756713963
113,27,enter,Camera_Q2,2,-74.3540551167294,4.022533618821586
114,37,enter,Camera_Q2,2,-197.71268910169925,3.9756605756364634
114,38,enter,Camera_Q2,2,-10.46846890610414,301.2460293997474
114,73,exit,Camera_Q2,2,2.746467693048304,67.54928427192563
114,79,exit,Camera_Q2,2,-345.4723599138679,-18.668445611657496
115,50,enter,Camera_Q2,2,-6.051611163570024,479.02844524630785
115,60,exit,Camera_Q2,2,-104.42672460711744,-4.044354750886158
116,69,exit,Camera_Q2,2,-445.7466267910296,-1.1180074323563358
116,80,exit,Camera_Q2,2,-62.27288689578945,-5.866860258379807
118,16,exit,Camera_Q2,2,1.6916449512244673,132.12401276229596
118,42,enter,Camera_Q2,2,-181.80919681330175,15.068053002305732
120,31,exit,Camera_Q2,2,6.73502532169317,111.38735841589848
121,12,enter,Camera_Q2,2,-425.29132085748813,35.446769086281314
121,13,exit,Camera_Q2,2,0.7631409187323904,437.74728473175145
121,74,exit,Camera_Q2,2,6.00159688152188,127.40785881435308
121,89,enter,Camera_Q2,2,-243.48371668922903,8.66029312147745
123,11,exit,Camera_Q2,2,2.8258429791222457,54.68109911778209
123,23,enter,Camera_Q2,2,-442.81948066630355,13.632675618837556
124,56,enter,Camera_Q2,2,-70.11535809186832,2.24742358852342
125,10,enter,Camera_Q2,2,-210.4081914649118,17.144364050513282
125,17,enter,Camera_Q2,2,-269.89854357770247,10.220774008888702
127,35,exit,Camera_Q2,2,16.79643348461002,443.9352085094452
127,36,enter,Camera_Q2,2,-297.24526985544776,3.7036438821958595
129,64,exit,Camera_Q2,2,13.063704043157134,304.6717454212824
130,84,exit,Camera_Q2,2,10.862897105082942,149.45119622726068
130,92,exit,Camera_Q2,2,-52.152296922447334,-0.4263498265618141
131,44,exit,Camera_Q2,2,9.20656405810653,145.33309085809967
132,15,enter,Camera_Q2,2,-337.50164305603755,8.689455605121243
132,45,enter,Camera_Q2,2,-11.292377370500617,431.10119063942153
132,81,enter,Camera_Q2,2,-20.3729963585985,298.9059498261962
133,24,exit,Camera_Q2,2,-234.27966035197656,-3.8703616926124917
133,37,exit,Camera_Q2,2,4.477118607458765,197.701969433318
133,70,enter,Camera_Q2,2,-210.2163156109953,13.977806649000797
134,71,enter,Camera_Q2,2,-1.5040718797223875,202.2211623729639
135,61,enter,Camera_Q2,2,-187.67869210014808,3.854439049107712
136,0,enter,Camera_Q2,2,-353.7889241354455,12.631687753362817
136,42,exit,Camera_Q2,2,13.89992788728591,181.90223272930555
136,52,enter,Camera_Q2,2,-459.2465090342229,11.734221286474263
136,97,enter,Camera_Q2,2,-7.7129027430779225,297.1658446704455
137,86,enter,Camera_Q2,2,-96.38645083966682,1.7375045127708173
137,89,exit,Camera_Q2,2,2.049045271716743,243.62906719688667
138,12,exit,Camera_Q2,2,16.81142917355153,426.43470412773127
138,27,exit,Camera_Q2,2,1.492805336436824,74.44781945257824
138,94,enter,Camera_Q2,2,-1.197544279197932,469.9743105076749
140,26,enter,Camera_Q2,2,-15.405523100788427,394.015280958192
140,50,exit,Camera_Q2,2,-478.51171367334746,-23.052401830749414
141,10,exit,Camera_Q2,2,12.303069095970042,210.7466980644093
141,48,enter,Camera_Q2,2,-32.24809672412882,372.5366737206568
143,38,exit,Camera_Q2,2,-301.05964810798497,-14.894540994868516
143,53,enter,Camera_Q2,2,-14.775180096453212,417.8846414189268
143,55,enter,Camera_Q2,2,-96.77538053849379,0.7765887398753057
144,7,enter,Camera_Q2,2,-436.7017857967617,20.13617061550948
146,21,enter,Camera_Q2,2,-13.172789819293317,292.32508590195755
148,15,exit,Camera_Q2,2,11.217071078106216,337.42709289662423
148,41,enter,Camera_Q2,2,-463.78155208317884,8.79231436912207
148,75,exit,Camera_Q2,2,-285.4345645547527,-4.261905007169674
148,81,exit,Camera_Q2,2,-299.1878921706997,-15.698120925186856
149,3,enter,Camera_Q2,2,-482.4646196361182,11.344615668266043
149,76,enter,Camera_Q2,2,-28.315808276166972,356.2578490463726
151,29,exit,Camera_Q2,2,3.27211448203178,122.5451522439435
151,45,exit,Camera_Q2,2,-430.5951860556802,-23.738999622536635
151,70,exit,Camera_Q2,2,16.970356784251205,209.99591762316157
152,17,exit,Camera_Q2,2,15.90752296878707,269.6231421070959
152,54,enter,Camera_Q2,2,-111.22974140746116,7.130486283818976
152,88,exit,Camera_Q2,2,3.2782001311972775,328.06020702580656
153,23,exit,Camera_Q2,2,9.756558780191034,442.92183493577267
153,78,enter,Camera_Q2,2,-166.965185094186,2.392569513128188
154,20,enter,Camera_Q2,2,-94.18941819192223,1.795283058570928
154,82,enter,Camera_Q2,2,-4.060224910371448,179.50499954267775
156,0,exit,Camera_Q2,2,20.837010559880305,353.4005961615542
156,56,exit,Camera_Q2,2,1.116792032746924,70.14247734926938
156,86,exit,Camera_Q2,2,1.2356473745405345,96.39419071170833
156,95,enter,Camera_Q2,2,-410.4210232309544,22.372755410386336
157,34,enter,Camera_Q2,2,-4.675636275953137,253.5703708795868
157,36,exit,Camera_Q2,2,11.54456680398746,297.0440883215021
157,40,enter,Camera_Q2,2,-376.09852207161305,14.565486267731258
158,14,enter,Camera_Q2,2,-2.0104646973104723,67.29844271781906
158,28,enter,Camera_Q2,2,-2.6374101228982187,368.4807714704097
158,48,exit,Camera_Q2,2,-373.6542044238667,-14.354390462401698
158,98,enter,Camera_Q2,2,-2.6054378711692925,66.30074938101471
159,26,exit,Camera_Q2,2,-393.69166788960973,-22.186536567683934
159,52,exit,Camera_Q2,2,4.105413734297226,459.37805083328783
159,96,enter,Camera_Q2,2,-5.031402300459303,93.43517921310996
160,94,exit,Camera_Q2,2,-469.76117224569765,-14.203087685888317
162,7,exit,Camera_Q2,2,13.8881792514895,436.9451150456041
162,47,enter,Camera_Q2,2,-331.39349858793,7.937420025048868
162,53,exit,Camera_Q2,2,-418.079751538004,-7.429726416800488
162,97,exit,Camera_Q2,2,-296.70899963736497,-18.18784323710998
165,21,exit,Camera_Q2,2,-292.28923182261855,-13.945723349961618
165,67,enter,Camera_Q2,2,-2.017047984222476,74.68548260312761
165,76,exit,Camera_Q2,2,-356.28240185149696,-28.005180528057522
165,80,enter,Camera_Q2,2,-3.328974358005452,62.45999056476781
166,71,exit,Camera_Q2,2,-202.20815584337694,-2.7427092650508236
167,4,exit,Camera_Q2,2,-459.06745487442964,-6.871911064416445
168,25,enter,Camera_Q2,2,-170.36630565694284,9.212224865942659
168,51,enter,Camera_Q2,2,-0.42010594583792404,335.6561276178798
170,3,exit,Camera_Q2,2,31.873919656440506,481.5442479679512
170,41,exit,Camera_Q2,2,17.79641259964111,463.52337647979647
171,33,enter,Camera_Q2,2,-227.2157973898849,5.530817613871325
171,55,exit,Camera_Q2,2,2.148874463151618,96.75463661749134
171,62,enter,Camera_Q2,2,-182.31377637721184,3.3832931573806353
171,72,enter,Camera_Q2,2,-102.5165070008201,2.5594148073921352
173,30,enter,Camera_Q2,2,-419.8756563940707,4.0471116591467124
173,49,enter,Camera_Q2,2,-2.446704543249565,221.80626456711676
173,54,exit,Camera_Q2,2,3.610223454974671,111.39957582872371
173,61,exit,Camera_Q2,2,1.7703773064044923,187.7099196446433
173,82,exit,Camera_Q2,2,-179.15508667363264,-11.915754533503721
174,14,exit,Camera_Q2,2,-67.29517449625182,-2.117038039743963
174,65,enter,Camera_Q2,2,-10.489635881742881,244.08167592516472
174,68,enter,Camera_Q2,2,-4.0897598467305265,210.0141800650506
176,96,exit,Camera_Q2,2,-93.51902422497206,-3.104807836909096
177,11,enter,Camera_Q2,2,-54.75188729243036,0.4886994867662373
177,19,enter,Camera_Q2,2,-289.504485445655,0.37006103754612113
177,28,exit,Camera_Q2,2,-367.116417162379,-31.78948136479738
177,40,exit,Camera_Q2,2,27.609135742290416,375.3664706899524
177,79,enter,Camera_Q2,2,-14.329448934041444,345.679518078898
177,95,exit,Camera_Q2,2,14.605863928884672,410.7707696921575
178,43,enter,Camera_Q2,2,-343.0286564330359,1.536383787785239
181,80,exit,Camera_Q2,2,-62.54668694197833,-0.4944129946706967
182,74,enter,Camera_Q2,2,-127.54912808699089,0.03971189755378172
185,67,exit,Camera_Q2,2,-74.70284392210804,-1.214456331819622
186,89,enter,Camera_Q2,2,-243.57064260545152,5.715157960902527
187,84,enter,Camera_Q2,2,-149.82310765692472,2.5882425111148124
188,25,exit,Camera_Q2,2,1.373518067439402,170.60966162059518
189,46,enter,Camera_Q2,2,-6.3817500605185105,250.30578794987275
190,10,enter,Camera_Q2,2,-210.32384335459858,18.149853188987134
190,20,exit,Camera_Q2,2,0.08000643409811646,94.20649202450808
190,37,enter,Camera_Q2,2,-197.66217967923714,5.981306988512161
190,42,enter,Camera_Q2,2,-182.13629587612385,10.392304446235858
191,12,enter,Camera_Q2,2,-425.1221134522077,37.421513722607436
191,35,enter,Camera_Q2,2,-444.2341620608255,4.074161293287775
191,51,exit,Camera_Q2,2,-335.65408154385017,-1.2450057793230063
191,60,enter,Camera_Q2,2,-4.062450474310439,104.42602220550938
191,72,exit,Camera_Q2,2,1.0968654966876061,102.54258480206
191,98,exit,Camera_Q2,2,-66.32390444157139,-1.9280494314078438
193,31,enter,Camera_Q2,2,-111.39398107890291,6.624587560648313
195,73,enter,Camera_Q2,2,-67.52285635244468,3.333580724311347
196,11,exit,Camera_Q2,2,4.439254014558118,54.57381252089314
196,15,enter,Camera_Q2,2,-337.0898872265863,18.79557484637501
196,81,enter,Camera_Q2,2,-1.6550522832722685,299.59487082403064
198,33,exit,Camera_Q2,2,1.9287172047262824,227.27491849507575
198,44,enter,Camera_Q2,2,-145.30194824875244,9.685657192030863
198,79,exit,Camera_Q2,2,-345.7364624024013,-12.882580932616086
199,47,exit,Camera_Q2,2,7.1777294148486055,331.41082321410335
0,5,enter,Camera_Q3,3,-62.00886877985255,-212.06245893505024
0,6,enter,Camera_Q3,3,-23.746544710274627,-59.18414221777413
0,13,enter,Camera_Q3,3,-417.08505596172296,-132.9034377564754
0,15,enter,Camera_Q3,3,-307.05467660805675,-140.35772610497807
0,17,enter,Camera_Q3,3,-134.6800650610401,-234.1174237895585
0,20,enter,Camera_Q3,3,-88.83306596315468,-31.36169530141844
0,23,enter,Camera_Q3,3,-441.2194883450517,-40.00381740076804
0,25,enter,Camera_Q3,3,-167.6041509474145,-31.91225117994444
0,27,enter,Camera_Q3,3,-61.07181095758861,-42.602114916712075
0,35,enter,Camera_Q3,3,-74.41242080896222,-437.9764618806329
0,36,enter,Camera_Q3,3,-265.60336892684563,-133.50399935640144
0,44,enter,Camera_Q3,3,-38.53653664839697,-140.43291445836843
0,46,enter,Camera_Q3,3,-165.109194544402,-188.2356716776616
0,47,enter,Camera_Q3,3,-280.7899248217639,-176.18646844065697
0,49,enter,Camera_Q3,3,-221.5593355686178,-10.745519379368186
0,62,enter,Camera_Q3,3,-101.79088999816608,-151.28904270597403
0,63,enter,Camera_Q3,3,-305.17106661024434,-98.01152434802152
0,72,enter,Camera_Q3,3,-77.29791094948143,-67.388558187956
0,74,enter,Camera_Q3,3,-27.470770452840057,-124.55576431267156
0,90,enter,Camera_Q3,3,-436.51664978669226,-228.2591961200824
0,93,enter,Camera_Q3,3,-105.00061906360948,-112.80632820008768
0,94,enter,Camera_Q3,3,-265.1602263106958,-388.0300774841116
1,77,enter,Camera_Q3,3,-78.61782247491611,-0.10081610427389118
2,23,exit,Camera_Q3,3,-442.9876005068676,6.076849452726448
2,45,enter,Camera_Q3,3,-429.98570217236613,-32.985607236215785
3,24,enter,Camera_Q3,3,-234.27310322499702,-4.248771539991352
3,25,exit,Camera_Q3,3,-170.47477517959877,6.92056483538911
5,15,exit,Camera_Q3,3,-336.9122400435862,21.74875198836199
5,55,enter,Camera_Q3,3,-4.8688252357293775,-96.65594606264587
8,20,exit,Camera_Q3,3,-94.20502858494831,0.5311590178784233
8,26,enter,Camera_Q3,3,-394.3154302066046,-0.844554055282817
8,51,enter,Camera_Q3,3,-335.19478514784697,-17.597400550219447
9,36,exit,Camera_Q3,3,-297.2416781765986,3.9814801523397456
9,53,enter,Camera_Q3,3,-416.91942887122417,-32.001082956674104
9,88,enter,Camera_Q3,3,-4.526494018070946,-328.0453579641383
9,94,exit,Camera_Q3,3,25.581034244843842,-469.2791251871632
10,27,exit,Camera_Q3,3,-74.46160727288482,0.4187258707668643
10,72,exit,Camera_Q3,3,-102.35615610281197,6.27711077345947
13,21,enter,Camera_Q3,3,-292.51882155992996,-7.759978891723775
14,11,enter,Camera_Q3,3,-2.7678145158408496,-54.6840670769582
14,46,exit,Camera_Q3,3,8.340112809023902,-250.24819026992853
14,47,exit,Camera_Q3,3,-331.30678682138773,10.975725447093488
14,60,enter,Camera_Q3,3,-104.32226194242652,-6.177643623381733
14,84,enter,Camera_Q3,3,-2.954543384027003,-149.81633175547552
14,99,enter,Camera_Q3,3,-194.96079330579371,-2.5645142969202235
16,34,enter,Camera_Q3,3,-253.5790958808441,-4.175726864857496
16,63,exit,Camera_Q3,3,-320.5151780059515,2.3789638228079
16,90,exit,Camera_Q3,3,-492.5868142495984,2.6975140065750742
16,93,exit,Camera_Q3,3,6.9054235907200425,-153.95685373103677
17,5,exit,Camera_Q3,3,1.1305302945819382,-220.9396030552012
18,17,exit,Camera_Q3,3,-270.0709338605177,3.3732373787817025
18,48,enter,Camera_Q3,3,-373.17171221487484,-23.798869968939403
18,74,exit,Camera_Q3,3,-127.51533532594974,2.9361385350514575
19,37,enter,Camera_Q3,3,-1.46805130116931,-197.74720765213092
19,44,exit,Camera_Q3,3,-145.53871539175776,4.995041765751505
19,81,enter,Camera_Q3,3,-298.63448635295146,-24.0264309217335
20,13,exit,Camera_Q3,3,-437.74665173353367,1.0661004471079536
20,35,exit,Camera_Q3,3,-443.4220471618484,27.156539229493497
20,45,exit,Camera_Q3,3,9.165987520690168,-431.1516427316208
20,52,enter,Camera_Q3,3,-18.837398347849533,-459.01002214854196
22,16,enter,Camera_Q3,3,-2.336707765741384,-132.11417867840632
23,62,exit,Camera_Q3,3,-182.34512474701452,0.12333087402231295
23,91,enter,Camera_Q3,3,-1.1565539688348343,-104.79758079648278
24,67,enter,Camera_Q3,3,-74.69081590701133,-1.808815462581991
25,82,enter,Camera_Q3,3,-179.27000668997567,-10.03967073741061
27,26,exit,Camera_Q3,3,7.632892820627802,-394.2424516940822
27,42,enter,Camera_Q3,3,-5.088568501036843,-182.3615549884033
28,38,enter,Camera_Q3,3,-301.1183920230215,-13.655513751649709
28,53,exit,Camera_Q3,3,24.669930484866413,-417.41738585087654
30,79,enter,Camera_Q3,3,-345.11143836400123,-24.449078435447426
31,51,exit,Camera_Q3,3,18.421114725776214,-335.1505259263305
32,11,exit,Camera_Q3,3,-54.717926679525625,1.9890925482292465
32,21,exit,Camera_Q3,3,8.5334436305533,-292.4972796095962
32,28,enter,Camera_Q3,3,-367.8155553224682,-22.28793706041557
32,55,exit,Camera_Q3,3,-96.77547244279707,0.7650502693348664
33,12,enter,Camera_Q3,3,-13.840379141348103,-426.541469192137
33,84,exit,Camera_Q3,3,-149.84533756943347,0.19338039539283194
35,33,enter,Camera_Q3,3,-10.451428711954637,-227.04267476595246
35,48,exit,Camera_Q3,3,5.884436443390556,-373.8835198520036
35,81,exit,Camera_Q3,3,19.355352522470408,-298.97357099057916
36,24,exit,Camera_Q3,3,9.812459333461385,-234.10607552154283
37,76,enter,Camera_Q3,3,-356.0783974289815,-30.489586581142774
38,0,enter,Camera_Q3,3,-27.96167278079225,-352.9083552874802
38,8,enter,Camera_Q3,3,-7.29422646994851,-469.82583108745484
38,37,exit,Camera_Q3,3,-197.74284807592204,1.9696049504075817
38,96,enter,Camera_Q3,3,-93.5590330023266,-1.4680147698862904
39,60,exit,Camera_Q3,3,4.026258906016566,-104.427423872963
39,71,enter,Camera_Q3,3,-202.07813866689727,-7.7515557544435545
40,41,enter,Camera_Q3,3,-30.789140926804517,-462.8419402405503
40,59,enter,Camera_Q3,3,-456.44534893770896,-5.423309660819284
40,89,enter,Camera_Q3,3,-18.204619615669444,-242.95660681364367
42,50,enter,Camera_Q3,3,-478.7796086157483,-16.581909616232075
42,86,enter,Camera_Q3,3,-4.245811681307896,-96.30856613285381
43,10,enter,Camera_Q3,3,-0.5855565443069288,-211.10469766863295
43,52,exit,Camera_Q3,3,-459.25956648669325,11.211538689007906
43,82,exit,Camera_Q3,3,2.6507681184008502,-179.53134466026262
44,54,enter,Camera_Q3,3,-0.250249807748355,-111.45777937518822
44,67,exit,Camera_Q3,3,1.0061785257626468,-74.70593951625953
44,70,enter,Camera_Q3,3,-17.516482411027027,-209.95106875584756
45,42,exit,Camera_Q3,3,-182.39047832766633,3.9171012985712284
46,14,enter,Camera_Q3,3,-67.31659411024069,-1.2643250926139906
47,3,enter,Camera_Q3,3,-19.813361063457087,-482.19108269300665
47,6,exit,Camera_Q3,3,-63.752019095505645,1.530077441527024
49,95,enter,Camera_Q3,3,-0.5086740883408821,-411.0300448206536
50,28,exit,Camera_Q3,3,19.48330026556851,-367.97477615503266
50,80,enter,Camera_Q3,3,-62.324810645248725,-5.286820373441106
51,12,exit,Camera_Q3,3,-425.4513553802632,33.47125991742834
51,79,exit,Camera_Q3,3,23.004499340624637,-345.21074047036785
53,7,enter,Camera_Q3,3,-13.602473253872184,-436.95410263151825
53,15,enter,Camera_Q3,3,-29.313029400576905,-336.338537803207
53,76,exit,Camera_Q3,3,30.179114468525018,-356.10484559378904
56,38,exit,Camera_Q3,3,1.6104978706732473,-301.4235647174257
56,89,exit,Camera_Q3,3,-243.361180965496,11.604161703016997
56,96,exit,Camera_Q3,3,8.06207457397762,-93.22258673335914
57,0,exit,Camera_Q3,3,-353.92417850738246,7.989883872056902
57,49,exit,Camera_Q3,3,3.9857157975179986,-221.7839476470765
58,39,enter,Camera_Q3,3,-239.66837417046847,-3.629800696718103
58,98,enter,Camera_Q3,3,-66.33493096210636,-1.5015356263600341
59,18,enter,Camera_Q3,3,-464.8473515094354,-11.887816686089801
59,40,enter,Camera_Q3,3,-9.672088416703831,-376.25616592997727
60,10,exit,Camera_Q3,3,-210.48773268991624,16.138483240065217
60,73,enter,Camera_Q3,3,-2.354940956344951,-67.56406695522782
60,97,enter,Camera_Q3,3,-296.9824609230645,-12.978675259979852
61,29,enter,Camera_Q3,3,-3.2374183328716297,-122.54607376090351
61,41,exit,Camera_Q3,3,-463.82223540160464,6.290213963472275
61,70,exit,Camera_Q3,3,-210.67115818898452,1.9853299701291929
61,86,exit,Camera_Q3,3,-96.32936649757931,3.7443260507668272
62,14,exit,Camera_Q3,3,1.37092811576198,-67.31450747531409
62,33,exit,Camera_Q3,3,-227.17981006794147,6.8514541882127
63,1,enter,Camera_Q3,3,-365.75710833315134,-2.6653442095905366
63,34,exit,Camera_Q3,3,4.3423652344384065,-253.57629705232102
65,25,enter,Camera_Q3,3,-9.40402781989353,-170.3558259964661
66,50,exit,Camera_Q3,3,2.8137134811176767,-479.05840601039057
66,54,exit,Camera_Q3,3,-111.35059055343338,4.893382431002552
66,80,exit,Camera_Q3,3,2.4563740544887342,-62.50038974383741
67,3,exit,Camera_Q3,3,-482.58674078483364,3.2934972228168653
67,65,enter,Camera_Q3,3,-244.21332410533952,-6.763823828949588
68,91,exit,Camera_Q3,3,-104.73852839473292,3.702867481275881
69,15,exit,Camera_Q3,3,-336.1095514177994,31.83135482451234
70,16,exit,Camera_Q3,3,-132.11948940437202,2.014182360257608
70,68,enter,Camera_Q3,3,-210.0449957458108,-1.9446660746117577
70,72,enter,Camera_Q3,3,-1.8925472568234594,-102.53098593442951
71,7,exit,Camera_Q3,3,-437.1039577991781,7.351541432380212
71,31,enter,Camera_Q3,3,-4.411050477226436,-111.50357310258285
71,71,exit,Camera_Q3,3,8.989199874671623,-202.02686709768383
71,95,exit,Camera_Q3,3,-410.3809367007674,23.096391215887948
73,8,exit,Camera_Q3,3,-469.65583073774417,14.591708291081229
74,2,enter,Camera_Q3,3,-374.8475955246863,-5.274988671715332
74,64,enter,Camera_Q3,3,-2.2967866607619016,-304.94303991469104
74,94,enter,Camera_Q3,3,-468.9884922231222,-30.448001769369508
76,45,enter,Camera_Q3,3,-431.1277276487166,-10.229213550350527
79,40,exit,Camera_Q3,3,-375.69384397372096,22.724156638179775
80,74,enter,Camera_Q3,3,-6.724865663596625,-127.37173090836521
80,83,enter,Camera_Q3,3,-182.5421135676891,-4.768646349194949
80,88,exit,Camera_Q3,3,-328.0764456740544,0.3030244123485184
83,81,enter,Camera_Q3,3,-299.552234841524,-5.318310218145165
84,9,enter,Camera_Q3,3,-144.81689110255877,-3.486856239798719
84,26,enter,Camera_Q3,3,-393.3226397859889,-27.97629000337886
84,35,enter,Camera_Q3,3,-14.444714695806493,-444.01794980550534
85,25,exit,Camera_Q3,3,-170.60800710076782,1.5655999744273554
85,53,enter,Camera_Q3,3,-418.13743049047775,-2.6398302082831075
85,97,exit,Camera_Q3,3,5.105313490061539,-297.22207838852034
86,44,enter,Camera_Q3,3,-5.47483570363294,-145.52145647341115
87,11,enter,Camera_Q3,3,-4.381338493973957,-54.578492671313164
87,27,enter,Camera_Q3,3,-1.9784758277535694,-74.43649590365722
87,73,exit,Camera_Q3,3,-67.5569592510973,2.5507150338596127
88,48,enter,Camera_Q3,3,-373.4428162237312,-19.07815557302064
89,21,enter,Camera_Q3,3,-292.4203834959134,-10.853458219067544
90,72,exit,Camera_Q3,3,-102.54755010637348,0.42985926337873825
91,77,exit,Camera_Q3,3,1.2569757691662846,-78.60783794571654
91,84,enter,Camera_Q3,3,-4.151698886495583,-149.7879367093047
91,98,exit,Camera_Q3,3,0.8238556205995355,-66.34680803852625
92,56,enter,Camera_Q3,3,-3.3774710208435823,-70.07001528928431
93,23,enter,Camera_Q3,3,-17.507748187755634,-442.6832062045017
94,19,enter,Camera_Q3,3,-1.6507362858471035,-289.50001573063787
94,78,enter,Camera_Q3,3,-3.273014379232338,-166.95024647865688
95,31,exit,Camera_Q3,3,-111.57331837552172,1.9745398527613625
95,37,enter,Camera_Q3,3,-3.474176967836772,-197.72213685683758
95,45,exit,Camera_Q3,3,22.677045802135133,-430.6524189541869
95,94,exit,Camera_Q3,3,9.32897848549301,-469.8832374216836
97,61,enter,Camera_Q3,3,-5.9380256023889855,-187.62432683623635
98,17,enter,Camera_Q3,3,-4.52948348087011,-270.05401649688946
98,36,enter,Camera_Q3,3,-11.683390479272479,-297.0386604742772
99,42,enter,Camera_Q3,3,-0.40192335975660204,-182.432093461625
99,81,exit,Camera_Q3,3,0.6351717003598002,-299.5987689878566
99,82,enter,Camera_Q3,3,-179.2150016342949,-10.97786301423057
100,51,enter,Camera_Q3,3,-335.00560414326355,-20.891569808014427
100,74,exit,Camera_Q3,3,-127.54045415416017,1.4880211480296766
101,46,enter,Camera_Q3,3,-250.38634805841377,-0.6252367651329427
101,76,enter,Camera_Q3,3,-356.1825657668265,-29.24756142383492
102,26,exit,Camera_Q3,3,1.8318085668653465,-394.3120797641715
102,57,enter,Camera_Q3,3,-211.6373418339866,-1.365454384603911
102,64,exit,Camera_Q3,3,-304.50597976504565,16.48153842053467
102,65,exit,Camera_Q3,3,0.8111640590360647,-244.3056262066799
103,12,enter,Camera_Q3,3,-15.821162692461721,-426.4725921397783
104,28,enter,Camera_Q3,3,-368.32409561518955,-11.063248385415598
105,11,exit,Camera_Q3,3,-54.63533189296202,3.603955912223384
105,48,exit,Camera_Q3,3,1.1561534485990277,-373.9280362828965
105,53,exit,Camera_Q3,3,29.450132462815866,-417.10738327033994
105,67,enter,Camera_Q3,3,-74.58167587894806,-4.423055202037195
105,68,exit,Camera_Q3,3,5.838541826981474,-209.9728396563089
105,89,enter,Camera_Q3,3,-15.265160975146937,-243.1589929041357
106,29,exit,Camera_Q3,3,-122.54561423035686,3.254766440065136
106,35,exit,Camera_Q3,3,-443.1094775403247,31.852479433601683
107,96,enter,Camera_Q3,3,-93.54260872389209,-2.286498813441706
108,10,enter,Camera_Q3,3,-1.594563910673111,-211.09948749385038
108,21,exit,Camera_Q3,3,11.62665184850768,-292.3906619678606
108,44,exit,Camera_Q3,3,-145.607491774042,2.2195628842098785
110,14,enter,Camera_Q3,3,-67.30723469051837,-1.6907154870595626
110,84,exit,Camera_Q3,3,-149.8390072952769,1.390855866276099
111,93,enter,Camera_Q3,3,-153.9253340619311,-7.575567282391651
113,27,exit,Camera_Q3,3,-74.3540551167294,4.022533618821586
113,52,enter,Camera_Q3,3,-19.35979199644292,-458.9882857581172
114,37,exit,Camera_Q3,3,-197.71268910169925,3.9756605756364634
114,79,enter,Camera_Q3,3,-345.4723599138679,-18.668445611657496
115,60,enter,Camera_Q3,3,-104.42672460711744,-4.044354750886158
115,70,enter,Camera_Q3,3,-10.982421060559657,-210.39407039036774
115,99,exit,Camera_Q3,3,0.13517874845894842,-194.9776125269501
116,0,enter,Camera_Q3,3,-4.419563792656195,-353.9867650524481
116,15,enter,Camera_Q3,3,-6.161352656807057,-337.5572594948549
116,55,enter,Camera_Q3,3,-4.880349426049264,-96.65536486879992
116,69,enter,Camera_Q3,3,-445.7466267910296,-1.1180074323563358
116,80,enter,Camera_Q3,3,-62.27288689578945,-5.866860258379807
117,76,exit,Camera_Q3,3,28.936998960166843,-356.2079309850638
117,82,exit,Camera_Q3,3,3.5904294986340037,-179.51501080175686
118,18,exit,Camera_Q3,3,5.967365836019593,-464.9610423851419
118,20,enter,Camera_Q3,3,-3.509964456456488,-94.14111583207209
118,42,exit,Camera_Q3,3,-181.80919681330175,15.068053002305732
118,86,enter,Camera_Q3,3,-2.2393145514942328,-96.37609816618888
121,1,exit,Camera_Q3,3,0.6496364194574314,-365.76624274050596
121,12,exit,Camera_Q3,3,-425.29132085748813,35.446769086281314
121,89,exit,Camera_Q3,3,-243.48371668922903,8.66029312147745
122,28,exit,Camera_Q3,3,8.255060975870782,-368.3977318658047
122,30,enter,Camera_Q3,3,-6.129529899705141,-419.85041956432764
123,23,exit,Camera_Q3,3,-442.81948066630355,13.632675618837556
123,51,exit,Camera_Q3,3,21.714809108608932,-334.9532498152732
124,56,exit,Camera_Q3,3,-70.11535809186832,2.24742358852342
124,96,exit,Camera_Q3,3,0.3582733630068663,-93.56986354533389
125,10,exit,Camera_Q3,3,-210.4081914649118,17.144364050513282
125,17,exit,Camera_Q3,3,-269.89854357770247,10.220774008888702
125,47,enter,Camera_Q3,3,-8.697068925110564,-331.3744325308069
125,67,exit,Camera_Q3,3,3.6214400348821307,-74.6248950840568
126,7,enter,Camera_Q3,3,-26.38004267763243,-436.36911947738
126,14,exit,Camera_Q3,3,1.7973031536757411,-67.30447282251374
127,36,exit,Camera_Q3,3,-297.24526985544776,3.7036438821958595
127,41,enter,Camera_Q3,3,-33.285596413730325,-462.66910629091075
127,59,exit,Camera_Q3,3,5.672459015725979,-456.44232063126987
129,3,enter,Camera_Q3,3,-27.855578850188405,-481.79339579554824
130,54,enter,Camera_Q3,3,-2.4904460885303172,-111.4302332694971
130,92,enter,Camera_Q3,3,-52.152296922447334,-0.4263498265618141
131,43,enter,Camera_Q3,3,-3.968877997152698,-343.0091363460176
131,46,exit,Camera_Q3,3,11.522649165991952,-250.1218558447843
132,15,exit,Camera_Q3,3,-337.50164305603755,8.689455605121243
132,80,exit,Camera_Q3,3,3.038171330656914,-62.474810976846626
133,24,enter,Camera_Q3,3,-234.27966035197656,-3.8703616926124917
133,70,exit,Camera_Q3,3,-210.2163156109953,13.977806649000797
134,62,enter,Camera_Q3,3,-2.5683632730009265,-182.32707763688495
134,83,exit,Camera_Q3,3,0.6588016445109708,-182.6032014893386
135,61,exit,Camera_Q3,3,-187.67869210014808,3.854439049107712
135,79,exit,Camera_Q3,3,17.22240661021066,-345.5474656781106
135,95,enter,Camera_Q3,3,-30.131642176558223,-409.9244328340779
136,0,exit,Camera_Q3,3,-353.7889241354455,12.631687753362817
136,52,exit,Camera_Q3,3,-459.2465090342229,11.734221286474263
137,40,enter,Camera_Q3,3,-1.504288499926142,-376.3774552371277
137,85,enter,Camera_Q3,3,-3.190467657383714,-202.8004592248218
137,86,exit,Camera_Q3,3,-96.38645083966682,1.7375045127708173
139,9,exit,Camera_Q3,3,3.377866490773152,-144.8194742878799
140,2,exit,Camera_Q3,3,7.199239006477474,-374.8155764290662
140,50,enter,Camera_Q3,3,-478.51171367334746,-23.052401830749414
140,60,exit,Camera_Q3,3,1.8912701923005504,-104.48789745507122
141,39,exit,Camera_Q3,3,4.204837121016489,-239.65897516137238
142,93,exit,Camera_Q3,3,2.7010246437558765,-154.0879688736306
143,38,enter,Camera_Q3,3,-301.05964810798497,-14.894540994868516
143,55,exit,Camera_Q3,3,-96.77538053849379,0.7765887398753057
144,7,exit,Camera_Q3,3,-436.7017857967617,20.13617061550948
144,33,enter,Camera_Q3,3,-9.13152844272312,-227.09958986158225
145,57,exit,Camera_Q3,3,4.490035257072591,-211.59411264877474
147,25,enter,Camera_Q3,3,-4.051573038633322,-170.5670775562746
148,41,exit,Camera_Q3,3,-463.78155208317884,8.79231436912207
148,75,enter,Camera_Q3,3,-285.4345645547527,-4.261905007169674
148,81,enter,Camera_Q3,3,-299.1878921706997,-15.698120925186856
149,3,exit,Camera_Q3,3,-482.4646196361182,11.344615668266043
151,45,enter,Camera_Q3,3,-430.5951860556802,-23.738999622536635
151,72,enter,Camera_Q3,3,-4.021443353378031,-102.46957014236501
152,54,exit,Camera_Q3,3,-111.22974140746116,7.130486283818976
153,78,exit,Camera_Q3,3,-166.965185094186,2.392569513128188
154,20,exit,Camera_Q3,3,-94.18941819192223,1.795283058570928
156,95,exit,Camera_Q3,3,-410.4210232309544,22.372755410386336
157,40,exit,Camera_Q3,3,-376.09852207161305,14.565486267731258
158,48,enter,Camera_Q3,3,-373.6542044238667,-14.354390462401698
159,11,enter,Camera_Q3,3,-1.2680569216283137,-54.73938272318088
159,26,enter,Camera_Q3,3,-393.69166788960973,-22.186536567683934
160,94,enter,Camera_Q3,3,-469.76117224569765,-14.203087685888317
162,47,exit,Camera_Q3,3,-331.39349858793,7.937420025048868
162,53,enter,Camera_Q3,3,-418.079751538004,-7.429726416800488
162,74,enter,Camera_Q3,3,-5.278134638421555,-127.43987973756532
162,97,enter,Camera_Q3,3,-296.70899963736497,-18.18784323710998
164,50,exit,Camera_Q3,3,9.289232379513928,-478.97660017433986
164,81,exit,Camera_Q3,3,11.019409456838362,-299.39672415935104
165,21,enter,Camera_Q3,3,-292.28923182261855,-13.945723349961618
165,76,enter,Camera_Q3,3,-356.28240185149696,-28.005180528057522
166,24,exit,Camera_Q3,3,9.434312016062513,-234.12161948665212
166,71,enter,Camera_Q3,3,-202.20815584337694,-2.7427092650508236
167,4,enter,Camera_Q3,3,-459.06745487442964,-6.871911064416445
168,25,exit,Camera_Q3,3,-170.36630565694284,9.212224865942659
168,31,enter,Camera_Q3,3,-1.8639200623174494,-111.57522118712994
168,73,enter,Camera_Q3,3,-3.137902181709712,-67.5322327510086
168,84,enter,Camera_Q3,3,-5.348589243596662,-149.74997556052583
170,35,enter,Camera_Q3,3,-19.14768100895823,-443.8400115403147
170,45,exit,Camera_Q3,3,36.16581452855381,-429.7299014693891
170,89,enter,Camera_Q3,3,-12.32346978514933,-243.3258166783894
171,33,exit,Camera_Q3,3,-227.2157973898849,5.530817613871325
171,37,enter,Camera_Q3,3,-5.479945039557522,-197.67671464085313
171,38,exit,Camera_Q3,3,2.8508829283723007,-301.41438508618046
171,62,exit,Camera_Q3,3,-182.31377637721184,3.3832931573806353
171,72,exit,Camera_Q3,3,-102.5165070008201,2.5594148073921352
171,90,enter,Camera_Q3,3,-6.72339950669984,-492.5483144357082
172,42,enter,Camera_Q3,3,-11.562005378896226,-182.06578563474403
173,10,enter,Camera_Q3,3,-2.6035348483917087,-211.08945464073926
173,12,enter,Camera_Q3,3,-17.80160500532315,-426.3945167267017
173,30,exit,Camera_Q3,3,-419.8756563940707,4.0471116591467124
173,82,enter,Camera_Q3,3,-179.15508667363264,-11.915754533503721
174,14,enter,Camera_Q3,3,-67.29517449625182,-2.117038039743963
175,44,enter,Camera_Q3,3,-2.699598652141229,-145.599382853232
175,69,exit,Camera_Q3,3,7.796184310957636,-445.67984556897994
176,48,exit,Camera_Q3,3,29.892014328886216,-372.7331223389484
176,96,enter,Camera_Q3,3,-93.51902422497206,-3.104807836909096
177,8,enter,Camera_Q3,3,-15.193178007255726,-469.636758185358
177,11,exit,Camera_Q3,3,-54.75188729243036,0.4886994867662373
177,19,exit,Camera_Q3,3,-289.504485445655,0.37006103754612113
177,28,enter,Camera_Q3,3,-367.116417162379,-31.78948136479738
178,26,exit,Camera_Q3,3,28.960973801753966,-393.25136206633294
178,32,enter,Camera_Q3,3,-5.3118978638848295,-444.7299214823186
178,43,exit,Camera_Q3,3,-343.0286564330359,1.536383787785239
180,15,enter,Camera_Q3,3,-16.27027244012054,-337.2212092068982
181,53,exit,Camera_Q3,3,0.08197838026045605,-418.14575540145427
181,76,exit,Camera_Q3,3,27.69453149071567,-356.3066838146464
181,80,enter,Camera_Q3,3,-62.54668694197833,-0.4944129946706967
182,74,exit,Camera_Q3,3,-127.54912808699089,0.03971189755378172
182,94,exit,Camera_Q3,3,27.197751682662357,-469.1882020606159
183,64,enter,Camera_Q3,3,-6.22353128112402,-304.88817700883516
183,87,enter,Camera_Q3,3,-1.7789481713016606,-194.48010390391545
184,21,exit,Camera_Q3,3,14.718559371411281,-292.2513340418489
185,67,enter,Camera_Q3,3,-74.70284392210804,-1.214456331819622
186,70,enter,Camera_Q3,3,-4.437747459137912,-210.63376943231907
186,89,exit,Camera_Q3,3,-243.57064260545152,5.715157960902527
187,84,exit,Camera_Q3,3,-149.82310765692472,2.5882425111148124
187,97,exit,Camera_Q3,3,10.319898240247525,-297.08673448630196
189,27,enter,Camera_Q3,3,-1.00707130557699,-74.45597421565085
190,10,exit,Camera_Q3,3,-210.32384335459858,18.149853188987134
190,14,exit,Camera_Q3,3,2.2236060728848197,-67.29173750599202
190,37,exit,Camera_Q3,3,-197.66217967923714,5.981306988512161
190,42,exit,Camera_Q3,3,-182.13629587612385,10.392304446235858
191,12,exit,Camera_Q3,3,-425.1221134522077,37.421513722607436
191,35,exit,Camera_Q3,3,-444.2341620608255,4.074161293287775
191,51,enter,Camera_Q3,3,-335.65408154385017,-1.2450057793230063
191,58,enter,Camera_Q3,3,-3.091442421395918,-183.95468982777913
191,82,exit,Camera_Q3,3,4.529992512840683,-179.49375881899948
191,98,enter,Camera_Q3,3,-66.32390444157139,-1.9280494314078438
193,31,exit,Camera_Q3,3,-111.39398107890291,6.624587560648313
193,96,exit,Camera_Q3,3,1.176894634672947,-93.56314788801156
194,86,enter,Camera_Q3,3,-0.23184621695649119,-96.40183128307828
195,0,enter,Camera_Q3,3,-9.062495802799313,-353.89833786871435
195,28,exit,Camera_Q3,3,28.98989825164484,-367.3480919712854
195,73,exit,Camera_Q3,3,-67.52285635244468,3.333580724311347
196,15,exit,Camera_Q3,3,-337.0898872265863,18.79557484637501
198,7,enter,Camera_Q3,3,-1.3849518617881118,-437.1635815040844
198,44,exit,Camera_Q3,3,-145.30194824875244,9.685657192030863
198,71,exit,Camera_Q3,3,3.9812437448294236,-202.18756253028096
198,79,enter,Camera_Q3,3,-345.7364624024013,-12.882580932616086
198,80,exit,Camera_Q3,3,3.6197052415442754,-62.443816552093274
0,4,enter,Camera_Q4,4,105.72599923815149,-446.7797716679417
0,11,enter,Camera_Q4,4,50.20059667716107,-21.861108904361824
0,14,enter,Camera_Q4,4,14.073223255805415,-65.84122377154726
0,16,enter,Camera_Q4,4,85.23918584941269,-100.96483351534647
0,37,enter,Camera_Q4,4,197.75029509303428,-0.9664882077525463
0,52,enter,Camera_Q4,4,443.9152895535879,-118.25507900244611
0,55,enter,Camera_Q4,4,22.317806451385074,-94.17002115131811
0,57,enter,Camera_Q4,4,173.100564713884,-121.77201410819556
0,68,enter,Camera_Q4,4,209.9726947129883,-5.843752130749131
0,75,enter,Camera_Q4,4,259.70736247676444,-118.50375670084843
0,76,enter,Camera_Q4,4,328.6893534174255,-140.30234836065796
0,80,enter,Camera_Q4,4,1.8743638464042924,-62.52055063575843
0,84,enter,Camera_Q4,4,135.14455878886028,-64.72720306825475
0,88,enter,Camera_Q4,4,59.924641547172634,-322.5574109602167
0,91,enter,Camera_Q4,4,75.49049069795001,-72.69839318761376
0,96,enter,Camera_Q4,4,89.17179225638054,-28.35205794082601
0,97,enter,Camera_Q4,4,257.81828014540565,-147.97554706872566
1,68,exit,Camera_Q4,4,210.02151785058228,3.6937790590354873
4,8,enter,Camera_Q4,4,469.40013420784084,-21.284532000342274
4,96,exit,Camera_Q4,4,93.41907147748759,5.322105596388253
5,55,exit,Camera_Q4,4,-4.8688252357293775,-96.65594606264587
5,76,exit,Camera_Q4,4,356.02468905899826,31.110461036832167
7,33,enter,Camera_Q4,4,227.28103920838262,-0.9683714972898565
9,42,enter,Camera_Q4,4,182.32510756534458,-6.259825753462292
9,88,exit,Camera_Q4,4,-4.526494018070946,-328.0453579641383
9,94,enter,Camera_Q4,4,25.581034244843842,-469.2791251871632
9,97,exit,Camera_Q4,4,297.0849028658212,10.372492305569459
11,19,enter,Camera_Q4,4,289.48988074565085,-2.9313792306378397
14,11,exit,Camera_Q4,4,-2.7678145158408496,-54.6840670769582
14,14,exit,Camera_Q4,4,67.32026090805256,1.0511098013210673
14,46,enter,Camera_Q4,4,8.340112809023902,-250.24819026992853
14,84,exit,Camera_Q4,4,-2.954543384027003,-149.81633175547552
16,12,enter,Camera_Q4,4,425.52793172432473,-32.483231947906425
16,29,enter,Camera_Q4,4,122.54653083557425,-3.2200701607987896
16,93,enter,Camera_Q4,4,6.9054235907200425,-153.95685373103677
17,5,enter,Camera_Q4,4,1.1305302945819382,-220.9396030552012
17,57,exit,Camera_Q4,4,211.62160868471227,2.919531114174444
17,80,exit,Camera_Q4,4,62.34874678741007,4.996625427882677
18,0,enter,Camera_Q4,4,353.46212446130124,-19.765853073369346
18,41,enter,Camera_Q4,4,463.3525384107988,-21.795825125858176
18,75,exit,Camera_Q4,4,285.457502810823,2.2513475654411175
19,37,exit,Camera_Q4,4,-1.46805130116931,-197.74720765213092
20,45,enter,Camera_Q4,4,9.165987520690168,-431.1516427316208
20,52,exit,Camera_Q4,4,-18.837398347849533,-459.01002214854196
22,16,exit,Camera_Q4,4,-2.336707765741384,-132.11417867840632
23,54,enter,Camera_Q4,4,111.394146553354,-3.774032573296393
23,86,enter,Camera_Q4,4,96.2851550779562,-4.747182218256814
23,89,enter,Camera_Q4,4,243.63405967265132,-1.3288856887012603
23,91,exit,Camera_Q4,4,-1.1565539688348343,-104.79758079648278
26,70,enter,Camera_Q4,4,210.17924938804998,-14.524515635790753
27,3,enter,Camera_Q4,4,481.23008402951183,-36.30999490820509
27,10,enter,Camera_Q4,4,211.03545313825245,-5.43817735679576
27,26,enter,Camera_Q4,4,7.632892820627802,-394.2424516940822
27,42,exit,Camera_Q4,4,-5.088568501036843,-182.3615549884033
28,53,enter,Camera_Q4,4,24.669930484866413,-417.41738585087654
28,95,enter,Camera_Q4,4,410.94689261024763,-8.282991523489246
30,94,exit,Camera_Q4,4,469.9547315792628,4.4538652570636605
31,51,enter,Camera_Q4,4,18.421114725776214,-335.1505259263305
32,21,enter,Camera_Q4,4,8.5334436305533,-292.4972796095962
33,12,exit,Camera_Q4,4,-13.840379141348103,-426.541469192137
33,73,enter,Camera_Q4,4,67.57060732463388,-2.159147104417027
35,7,enter,Camera_Q4,4,436.7148587762943,-19.85062238669167
35,33,exit,Camera_Q4,4,-10.451428711954637,-227.04267476595246
35,48,enter,Camera_Q4,4,5.884436443390556,-373.8835198520036
35,78,enter,Camera_Q4,4,166.93066511217967,-4.153368225461172
35,81,enter,Camera_Q4,4,19.355352522470408,-298.97357099057916
36,24,enter,Camera_Q4,4,9.812459333461385,-234.10607552154283
37,15,enter,Camera_Q4,4,336.54865571780425,-26.793059526251337
38,0,exit,Camera_Q4,4,-27.96167278079225,-352.9083552874802
38,8,exit,Camera_Q4,4,-7.29422646994851,-469.82583108745484
39,45,exit,Camera_Q4,4,430.707032816918,21.614954070062968
39,60,enter,Camera_Q4,4,4.026258906016566,-104.427423872963
40,40,enter,Camera_Q4,4,375.42512810860865,-26.79971789593856
40,41,exit,Camera_Q4,4,-30.789140926804517,-462.8419402405503
40,89,exit,Camera_Q4,4,-18.204619615669444,-242.95660681364367
42,86,exit,Camera_Q4,4,-4.245811681307896,-96.30856613285381
43,10,exit,Camera_Q4,4,-0.5855565443069288,-211.10469766863295
43,46,exit,Camera_Q4,4,250.32065992907135,5.769005782264807
43,82,enter,Camera_Q4,4,2.6507681184008502,-179.53134466026262
44,25,enter,Camera_Q4,4,170.56240794558022,-4.243605304578421
44,54,exit,Camera_Q4,4,-0.250249807748355,-111.45777937518822
44,67,enter,Camera_Q4,4,1.0061785257626468,-74.70593951625953
44,70,exit,Camera_Q4,4,-17.516482411027027,-209.95106875584756
46,26,exit,Camera_Q4,4,394.0526171709861,14.418969147211252
47,3,exit,Camera_Q4,4,-19.813361063457087,-482.19108269300665
47,31,enter,Camera_Q4,4,111.38062626317172,-6.845456462453081
47,53,exit,Camera_Q4,4,417.78644111854084,17.33115974802752
47,64,enter,Camera_Q4,4,304.8980704672111,-5.718343007333538
47,93,exit,Camera_Q4,4,154.09826701139363,2.0302191537766916
49,95,exit,Camera_Q4,4,-0.5086740883408821,-411.0300448206536
50,4,exit,Camera_Q4,4,459.1063994550117,3.3860398726229954
50,28,enter,Camera_Q4,4,19.48330026556851,-367.97477615503266
50,72,enter,Camera_Q4,4,102.49355975923844,-3.35485017324339
51,21,exit,Camera_Q4,4,292.4736925031509,9.306848703103348
51,79,enter,Camera_Q4,4,23.004499340624637,-345.21074047036785
51,81,exit,Camera_Q4,4,299.2395976444533,14.67954439734719
53,7,exit,Camera_Q4,4,-13.602473253872184,-436.95410263151825
53,15,exit,Camera_Q4,4,-29.313029400576905,-336.338537803207
53,48,exit,Camera_Q4,4,373.31472620967213,21.438941302624404
53,76,enter,Camera_Q4,4,30.179114468525018,-356.10484559378904
53,85,enter,Camera_Q4,4,202.8255523101126,-0.02599556107845987
54,51,exit,Camera_Q4,4,335.10424249666517,19.24471764335304
56,38,enter,Camera_Q4,4,1.6104978706732473,-301.4235647174257
56,96,enter,Camera_Q4,4,8.06207457397762,-93.22258673335914
57,49,enter,Camera_Q4,4,3.9857157975179986,-221.7839476470765
58,61,enter,Camera_Q4,4,187.71799785816333,-0.3185104834392668
59,40,exit,Camera_Q4,4,-9.672088416703831,-376.25616592997727
59,56,enter,Camera_Q4,4,70.14271921268256,-1.1014965219868034
59,74,enter,Camera_Q4,4,127.52995019924607,-2.212115495229184
60,73,exit,Camera_Q4,4,-2.354940956344951,-67.56406695522782
61,29,exit,Camera_Q4,4,-3.2374183328716297,-122.54607376090351
62,14,enter,Camera_Q4,4,1.37092811576198,-67.31450747531409
62,27,enter,Camera_Q4,4,74.32622945671663,-4.507538548220114
62,82,exit,Camera_Q4,4,179.2431179975961,10.508802864236486
62,87,enter,Camera_Q4,4,194.4830530708162,-1.4204011151838136
63,23,enter,Camera_Q4,4,442.5130219890587,-21.381479654459508
63,34,enter,Camera_Q4,4,4.3423652344384065,-253.57629705232102
63,35,enter,Camera_Q4,4,443.27198088339634,-29.50492324744217
64,44,enter,Camera_Q4,4,145.36265379417068,-8.72737085500247
64,60,exit,Camera_Q4,4,104.48822361863401,1.8731637793041176
64,67,exit,Camera_Q4,4,74.71243813669828,0.20342542309921202
65,25,exit,Camera_Q4,4,-9.40402781989353,-170.3558259964661
66,50,enter,Camera_Q4,4,2.8137134811176767,-479.05840601039057
66,80,enter,Camera_Q4,4,2.4563740544887342,-62.50038974383741
68,11,enter,Camera_Q4,4,54.75237506543018,-0.43059721994322875
68,24,exit,Camera_Q4,4,234.27645819076224,4.059567940209014
68,28,exit,Camera_Q4,4,368.112611614458,16.677531171245942
68,36,enter,Camera_Q4,4,297.2435064780432,-3.8425624369147786
69,76,exit,Camera_Q4,4,356.13102305159805,29.86861941407411
70,72,exit,Camera_Q4,4,-1.8925472568234594,-102.53098593442951
71,30,enter,Camera_Q4,4,419.81485482204556,-8.211797359781567
71,31,exit,Camera_Q4,4,-4.411050477226436,-111.50357310258285
71,71,enter,Camera_Q4,4,8.989199874671623,-202.02686709768383
72,17,enter,Camera_Q4,4,269.68877716094255,-14.753017323286233
72,79,exit,Camera_Q4,4,345.3039958354566,21.55951729699602
72,84,enter,Camera_Q4,4,149.68600081794148,-6.911132063997606
73,96,exit,Camera_Q4,4,93.36893343441062,6.13921762243707
74,64,exit,Camera_Q4,4,-2.2967866607619016,-304.94303991469104
76,37,enter,Camera_Q4,4,197.73031263795426,-2.9726710101731753
77,32,enter,Camera_Q4,4,444.72125152431295,-5.99397724673635
78,14,exit,Camera_Q4,4,67.31225202321001,1.477527700777065
80,74,exit,Camera_Q4,4,-6.724865663596625,-127.37173090836521
81,20,enter,Camera_Q4,4,94.19934392812054,-1.1632472243083583
81,42,enter,Camera_Q4,4,182.42574829188163,-1.5737303851783073
83,80,exit,Camera_Q4,4,62.29952383204095,5.5769007457640045
84,35,exit,Camera_Q4,4,-14.444714695806493,-444.01794980550534
84,43,enter,Camera_Q4,4,342.97236710627,-6.401172620632977
85,38,exit,Camera_Q4,4,301.3673436705704,6.040135701776804
85,97,enter,Camera_Q4,4,5.105313490061539,-297.22207838852034
86,12,enter,Camera_Q4,4,425.37248494955793,-34.45910740575233
86,44,exit,Camera_Q4,4,-5.47483570363294,-145.52145647341115
87,11,exit,Camera_Q4,4,-4.381338493973957,-54.578492671313164
87,27,exit,Camera_Q4,4,-1.9784758277535694,-74.43649590365722
88,47,enter,Camera_Q4,4,331.35362514292376,-9.456672123174142
88,55,enter,Camera_Q4,4,96.71485359663666,-3.5091968058691902
89,89,enter,Camera_Q4,4,242.65513506404986,-21.85878305849581
90,52,enter,Camera_Q4,4,458.6034522349209,-26.98002237829311
91,50,exit,Camera_Q4,4,478.65659480453826,19.817608405004528
91,77,enter,Camera_Q4,4,1.2569757691662846,-78.60783794571654
91,84,exit,Camera_Q4,4,-4.151698886495583,-149.7879367093047
91,98,enter,Camera_Q4,4,0.8238556205995355,-66.34680803852625
92,10,enter,Camera_Q4,4,211.00704975326903,-6.446798325755034
92,56,exit,Camera_Q4,4,-3.3774710208435823,-70.07001528928431
93,23,exit,Camera_Q4,4,-17.507748187755634,-442.6832062045017
94,19,exit,Camera_Q4,4,-1.6507362858471035,-289.50001573063787
94,78,exit,Camera_Q4,4,-3.273014379232338,-166.95024647865688
95,37,exit,Camera_Q4,4,-3.474176967836772,-197.72213685683758
95,45,enter,Camera_Q4,4,22.677045802135133,-430.6524189541869
95,94,enter,Camera_Q4,4,9.32897848549301,-469.8832374216836
97,0,enter,Camera_Q4,4,353.17244219672506,-24.4005829687599
97,61,exit,Camera_Q4,4,-5.9380256023889855,-187.62432683623635
97,62,enter,Camera_Q4,4,182.33673623492416,-1.7533820760106702
97,70,enter,Camera_Q4,4,210.529145903021,-7.984807644704955
98,17,exit,Camera_Q4,4,-4.52948348087011,-270.05401649688946
98,36,exit,Camera_Q4,4,-11.683390479272479,-297.0386604742772
99,42,exit,Camera_Q4,4,-0.40192335975660204,-182.432093461625
99,58,enter,Camera_Q4,4,183.97076646897074,-1.9084052763136485
99,81,enter,Camera_Q4,4,0.6351717003598002,-299.5987689878566
99,86,enter,Camera_Q4,4,96.36313297191019,-2.741063887865717
100,15,enter,Camera_Q4,4,337.59393909301406,-3.632904058828352
102,26,enter,Camera_Q4,4,1.8318085668653465,-394.3120797641715
102,65,enter,Camera_Q4,4,0.8111640590360647,-244.3056262066799
102,71,exit,Camera_Q4,4,202.22658163104117,0.2653780621118331
103,12,exit,Camera_Q4,4,-15.821162692461721,-426.4725921397783
105,41,enter,Camera_Q4,4,463.22821346820297,-24.295166015173013
105,48,enter,Camera_Q4,4,1.1561534485990277,-373.9280362828965
105,53,enter,Camera_Q4,4,29.450132462815866,-417.10738327033994
105,68,enter,Camera_Q4,4,5.838541826981474,-209.9728396563089
105,89,exit,Camera_Q4,4,-15.265160975146937,-243.1589929041357
108,3,enter,Camera_Q4,4,482.54247190235816,-7.319311145645621
108,7,enter,Camera_Q4,4,435.9471841417591,-32.618518114850616
108,10,exit,Camera_Q4,4,-1.594563910673111,-211.09948749385038
108,21,enter,Camera_Q4,4,11.62665184850768,-292.3906619678606
109,5,exit,Camera_Q4,4,220.94223412661884,0.33981770876075307
109,54,enter,Camera_Q4,4,111.29578699289374,-6.012238006502756
110,34,exit,Camera_Q4,4,253.57338871814994,4.5090017287906266
111,97,exit,Camera_Q4,4,296.8571566315144,15.583859088045385
113,52,exit,Camera_Q4,4,-19.35979199644292,-458.9882857581172
113,95,enter,Camera_Q4,4,410.96085868830625,-7.558380829688544
114,45,exit,Camera_Q4,4,429.8177825031229,35.10595678090558
115,49,exit,Camera_Q4,4,221.79644098129359,3.2162295271496815
115,70,exit,Camera_Q4,4,-10.982421060559657,-210.39407039036774
115,99,enter,Camera_Q4,4,0.13517874845894842,-194.9776125269501
116,0,exit,Camera_Q4,4,-4.419563792656195,-353.9867650524481
116,15,exit,Camera_Q4,4,-6.161352656807057,-337.5572594948549
116,55,exit,Camera_Q4,4,-4.880349426049264,-96.65536486879992
116,81,exit,Camera_Q4,4,298.5509660220283,25.04289339197176
117,33,enter,Camera_Q4,4,226.92632510651865,-12.729945037184445
117,76,enter,Camera_Q4,4,28.936998960166843,-356.2079309850638
117,82,enter,Camera_Q4,4,3.5904294986340037,-179.51501080175686
117,94,exit,Camera_Q4,4,469.4451058893631,22.328887253728066
118,18,enter,Camera_Q4,4,5.967365836019593,-464.9610423851419
118,20,exit,Camera_Q4,4,-3.509964456456488,-94.14111583207209
118,40,enter,Camera_Q4,4,375.91831743952537,-18.645919341865138
118,86,exit,Camera_Q4,4,-2.2393145514942328,-96.37609816618888
119,90,enter,Camera_Q4,4,492.5940530267895,-0.38088977996592654
121,1,enter,Camera_Q4,4,0.6496364194574314,-365.76624274050596
121,26,exit,Camera_Q4,4,394.22210535107484,8.619943337283756
122,28,enter,Camera_Q4,4,8.255060975870782,-368.3977318658047
122,30,exit,Camera_Q4,4,-6.129529899705141,-419.85041956432764
123,48,exit,Camera_Q4,4,373.5559771364051,16.716607157119164
123,51,enter,Camera_Q4,4,21.714809108608932,-334.9532498152732
124,53,exit,Camera_Q4,4,417.56048529573417,22.116071086398847
124,96,enter,Camera_Q4,4,0.3582733630068663,-93.56986354533389
124,98,exit,Camera_Q4,4,66.35176209264644,0.14608964882201436
125,47,exit,Camera_Q4,4,-8.697068925110564,-331.3744325308069
125,67,enter,Camera_Q4,4,3.6214400348821307,-74.6248950840568
126,7,exit,Camera_Q4,4,-26.38004267763243,-436.36911947738
126,14,enter,Camera_Q4,4,1.7973031536757411,-67.30447282251374
127,21,exit,Camera_Q4,4,292.35889602917223,12.3997641837971
127,25,enter,Camera_Q4,4,170.20069984698387,-11.885493753836275
127,41,exit,Camera_Q4,4,-33.285596413730325,-462.66910629091075
127,59,enter,Camera_Q4,4,5.672459015725979,-456.44232063126987
129,3,exit,Camera_Q4,4,-27.855578850188405,-481.79339579554824
130,54,exit,Camera_Q4,4,-2.4904460885303172,-111.4302332694971
131,43,exit,Camera_Q4,4,-3.968877997152698,-343.0091363460176
131,46,enter,Camera_Q4,4,11.522649165991952,-250.1218558447843
131,72,enter,Camera_Q4,4,102.40178377694815,-5.482653655361758
132,80,enter,Camera_Q4,4,3.038171330656914,-62.474810976846626
133,76,exit,Camera_Q4,4,356.23302541793794,28.626414498910734
134,62,exit,Camera_Q4,4,-2.5683632730009265,-182.32707763688495
134,83,enter,Camera_Q4,4,0.6588016445109708,-182.6032014893386
135,79,enter,Camera_Q4,4,17.22240661021066,-345.5474656781106
135,95,exit,Camera_Q4,4,-30.131642176558223,-409.9244328340779
136,82,exit,Camera_Q4,4,179.18565779264654,11.4468479747096
137,40,exit,Camera_Q4,4,-1.504288499926142,-376.3774552371277
137,85,exit,Camera_Q4,4,-3.190467657383714,-202.8004592248218
138,65,exit,Camera_Q4,4,244.24159642679857,5.651509378699092
139,9,enter,Camera_Q4,4,3.377866490773152,-144.8194742878799
139,22,enter,Camera_Q4,4,377.92789633684697,-1.5986267010121489
139,68,exit,Camera_Q4,4,210.05390683278526,0.19541822585667404
140,2,enter,Camera_Q4,4,7.199239006477474,-374.8155764290662
140,28,exit,Camera_Q4,4,368.4499581626131,5.446393811813715
140,60,enter,Camera_Q4,4,1.8912701923005504,-104.48789745507122
141,11,enter,Camera_Q4,4,54.715785070922244,-2.047157381347641
141,39,enter,Camera_Q4,4,4.204837121016489,-239.65897516137238
141,73,enter,Camera_Q4,4,67.54104208215955,-2.9421972901780933
141,74,enter,Camera_Q4,4,127.54684685209783,-0.7638788345802636
142,8,enter,Camera_Q4,4,469.8161041790068,-7.895919887713087
142,14,exit,Camera_Q4,4,67.30154216249737,1.9038863128592025
142,93,enter,Camera_Q4,4,2.7010246437558765,-154.0879688736306
142,96,exit,Camera_Q4,4,93.31164846482595,6.955859721974484
144,31,enter,Camera_Q4,4,111.50789161499367,-4.300498637891085
144,33,exit,Camera_Q4,4,-9.13152844272312,-227.09958986158225
145,57,enter,Camera_Q4,4,4.490035257072591,-211.59411264877474
145,67,exit,Camera_Q4,4,74.65949865713986,2.8194067633569593
146,51,exit,Camera_Q4,4,334.89887247062217,22.53791725830213
147,25,exit,Camera_Q4,4,-4.051573038633322,-170.5670775562746
148,35,enter,Camera_Q4,4,444.2495104805568,-1.7210374525821919
148,80,exit,Camera_Q4,4,62.54831081902222,0.2032370884686089
149,84,enter,Camera_Q4,4,149.62599104966338,-8.10711969079344
151,72,exit,Camera_Q4,4,-4.021443353378031,-102.46957014236501
152,37,enter,Camera_Q4,4,197.68997792065494,-4.9785478373536725
153,44,enter,Camera_Q4,4,145.50261583438035,-5.954570133720233
154,42,enter,Camera_Q4,4,181.98776351276229,-12.731229272976808
154,89,enter,Camera_Q4,4,242.90173379806654,-18.922702968759296
156,12,enter,Camera_Q4,4,425.20786354170053,-36.43423963342142
156,64,enter,Camera_Q4,4,304.79914984971066,-9.64422481444554
156,79,exit,Camera_Q4,4,345.6165188029675,15.776065939596162
156,91,enter,Camera_Q4,4,104.79503624656563,-1.3678216108688395
157,10,enter,Camera_Q4,4,210.9738258017457,-7.455272014230579
159,11,exit,Camera_Q4,4,-1.2680569216283137,-54.73938272318088
160,46,exit,Camera_Q4,4,250.22702467833327,8.952671984965589
162,74,exit,Camera_Q4,4,-5.278134638421555,-127.43987973756532
164,15,enter,Camera_Q4,4,337.333613198852,-13.744057277444472
164,27,enter,Camera_Q4,4,74.3787159818649,-3.5373574749038856
164,50,enter,Camera_Q4,4,9.289232379513928,-478.97660017433986
164,81,enter,Camera_Q4,4,11.019409456838362,-299.39672415935104
166,16,enter,Camera_Q4,4,132.12774872522104,-1.36909746080834
166,24,enter,Camera_Q4,4,9.434312016062513,-234.12161948665212
166,60,exit,Camera_Q4,4,104.32011466769158,6.213798616099658
168,6,enter,Camera_Q4,4,63.76930099054183,-0.37057645427913316
168,31,exit,Camera_Q4,4,-1.8639200623174494,-111.57522118712994
168,70,enter,Camera_Q4,4,210.67560930272415,-1.4373839794449739
168,73,exit,Camera_Q4,4,-3.137902181709712,-67.5322327510086
168,84,exit,Camera_Q4,4,-5.348589243596662,-149.74997556052583
170,35,exit,Camera_Q4,4,-19.14768100895823,-443.8400115403147
170,45,enter,Camera_Q4,4,36.16581452855381,-429.7299014693891
170,89,exit,Camera_Q4,4,-12.32346978514933,-243.3258166783894
171,37,exit,Camera_Q4,4,-5.479945039557522,-197.67671464085313
171,38,enter,Camera_Q4,4,2.8508829283723007,-301.41438508618046
171,90,exit,Camera_Q4,4,-6.72339950669984,-492.5483144357082
172,42,exit,Camera_Q4,4,-11.562005378896226,-182.06578563474403
173,10,exit,Camera_Q4,4,-2.6035348483917087,-211.08945464073926
173,12,exit,Camera_Q4,4,-17.80160500532315,-426.3945167267017
174,63,enter,Camera_Q4,4,320.51398129272735,-2.5350733603216997
174,93,exit,Camera_Q4,4,154.01438571454145,5.474182925293372
175,0,enter,Camera_Q4,4,354.01333580116955,-0.8487940520669872
175,44,exit,Camera_Q4,4,-2.699598652141229,-145.599382853232
175,69,enter,Camera_Q4,4,7.796184310957636,-445.67984556897994
175,86,enter,Camera_Q4,4,96.39931757250439,-0.7337567409257134
176,48,enter,Camera_Q4,4,29.892014328886216,-372.7331223389484
177,8,exit,Camera_Q4,4,-15.193178007255726,-469.636758185358
177,18,exit,Camera_Q4,4,464.99933148311834,0.04594727048210032
178,17,enter,Camera_Q4,4,270.0321489562774,-5.685646556069188
178,26,enter,Camera_Q4,4,28.960973801753966,-393.25136206633294
178,32,exit,Camera_Q4,4,-5.3118978638848295,-444.7299214823186
180,1,exit,Camera_Q4,4,365.66794036973863,8.504336643000899
180,7,enter,Camera_Q4,4,437.0990574454931,-7.637346751275104
180,15,exit,Camera_Q4,4,-16.27027244012054,-337.2212092068982
180,77,exit,Camera_Q4,4,78.61116286558885,1.028225415057046
180,81,exit,Camera_Q4,4,299.53239476140544,6.338005256037283
181,53,enter,Camera_Q4,4,0.08197838026045605,-418.14575540145427
181,76,enter,Camera_Q4,4,27.69453149071567,-356.3066838146464
182,94,enter,Camera_Q4,4,27.197751682662357,-469.1882020606159
183,23,enter,Camera_Q4,4,442.9902611725213,-5.879694584291832
183,52,enter,Camera_Q4,4,458.57244887134254,-27.501948030284122
183,64,exit,Camera_Q4,4,-6.22353128112402,-304.88817700883516
183,87,exit,Camera_Q4,4,-1.7789481713016606,-194.48010390391545
184,21,enter,Camera_Q4,4,14.718559371411281,-292.2513340418489
186,36,enter,Camera_Q4,4,297.2469683084272,-3.5647245185256313
186,70,exit,Camera_Q4,4,-4.437747459137912,-210.63376943231907
187,97,enter,Camera_Q4,4,10.319898240247525,-297.08673448630196
188,45,exit,Camera_Q4,4,431.0720318651217,12.355472515453046
188,57,exit,Camera_Q4,4,211.50475515109608,7.613637284966003
189,27,exit,Camera_Q4,4,-1.00707130557699,-74.45597421565085
189,50,exit,Camera_Q4,4,478.3449718410383,26.28614211264747
189,56,enter,Camera_Q4,4,70.06927712160486,-3.392750623449629
189,83,exit,Camera_Q4,4,182.59567490983105,1.7840173726992163
190,3,enter,Camera_Q4,4,482.3531894043778,-15.36913064260082
190,14,enter,Camera_Q4,4,2.2236060728848197,-67.29173750599202
191,58,exit,Camera_Q4,4,-3.091442421395918,-183.95468982777913
191,82,enter,Camera_Q4,4,4.529992512840683,-179.49375881899948
192,41,enter,Camera_Q4,4,463.09040708588054,-26.79379983655245
193,48,exit,Camera_Q4,4,373.73749415928955,11.99159992306539
193,96,enter,Camera_Q4,4,1.176894634672947,-93.56314788801156
194,9,exit,Camera_Q4,4,144.82197544710846,3.268874828516149
194,54,enter,Camera_Q4,4,111.45802686092992,-0.08635092725447514
194,86,exit,Camera_Q4,4,-0.23184621695649119,-96.40183128307828
195,0,exit,Camera_Q4,4,-9.062495802799313,-353.89833786871435
195,28,enter,Camera_Q4,4,28.98989825164484,-367.3480919712854
196,26,exit,Camera_Q4,4,394.3062575190431,2.81905159548841
196,29,enter,Camera_Q4,4,122.54468780167274,-3.2894624584237366
196,40,enter,Camera_Q4,4,376.23443664875447,-10.483337935097257
197,76,exit,Camera_Q4,4,356.330694917362,27.383861400294663
198,7,exit,Camera_Q4,4,-1.3849518617881118,-437.1635815040844
198,24,exit,Camera_Q4,4,234.28270970655137,3.681152920610456
198,71,enter,Camera_Q4,4,3.9812437448294236,-202.18756253028096
198,80,enter,Camera_Q4,4,3.6197052415442754,-62.443816552093274
198,95,enter,Camera_Q4,4,410.97354708241403,-6.8337466367597015
199,55,enter,Camera_Q4,4,96.71443450997614,-3.5207280293597187
